admission_id,patient_id,admit_date,discharge_date,length_of_stay,department,primary_diagnosis,readmit_30
20001,1001,2023-08-02,2023-08-06,4,Orthopedics,Chest Pain,0
20002,1003,2022-08-19,2022-08-23,4,Oncology,Fracture,1
20003,1003,2023-03-17,2023-03-19,2,General Medicine,Pneumonia,0
20004,1004,2023-08-21,2023-08-26,5,Oncology,Chest Pain,0
20005,1005,2022-06-08,2022-06-10,2,Pediatrics,Pneumonia,0
20006,1006,2023-10-10,2023-10-11,1,Orthopedics,Pneumonia,0
20007,1007,2022-10-19,2022-10-24,5,Orthopedics,Chest Pain,0
20008,1007,2023-10-22,2023-10-23,1,Oncology,COVID-19,0
20009,1008,2022-12-12,2022-12-22,10,Emergency,Hypertension,0
20010,1009,2023-09-15,2023-09-20,5,Pediatrics,Chest Pain,0
20011,1011,2022-05-07,2022-05-08,1,Cardiology,Chest Pain,0
20012,1011,2023-01-13,2023-01-14,1,Orthopedics,Diabetes,0
20013,1013,2023-09-05,2023-09-19,14,Cardiology,Chest Pain,0
20014,1013,2022-07-01,2022-07-08,7,Emergency,Pneumonia,0
20015,1016,2022-11-05,2022-11-07,2,Oncology,Hypertension,0
20016,1020,2022-07-29,2022-08-01,3,Cardiology,Fracture,0
20017,1020,2023-10-02,2023-10-04,2,Cardiology,Fracture,0
20018,1023,2022-06-10,2022-06-12,2,Emergency,Pneumonia,0
20019,1024,2023-04-14,2023-04-17,3,General Medicine,COVID-19,1
20020,1025,2022-12-08,2022-12-09,1,Cardiology,Hypertension,1
20021,1026,2022-05-21,2022-05-23,2,Oncology,Hypertension,0
20022,1027,2023-11-01,2023-11-02,1,General Medicine,COVID-19,0
20023,1028,2022-01-18,2022-01-20,2,Oncology,Pneumonia,0
20024,1029,2022-04-23,2022-04-26,3,Cardiology,Chest Pain,0
20025,1032,2023-04-03,2023-04-10,7,Oncology,COVID-19,0
20026,1032,2022-03-28,2022-04-11,14,Emergency,COVID-19,0
20027,1033,2022-11-09,2022-11-11,2,Orthopedics,Fracture,0
20028,1034,2022-02-23,2022-02-25,2,Pediatrics,Hypertension,0
20029,1035,2022-04-06,2022-04-20,14,Emergency,Fracture,0
20030,1035,2023-05-06,2023-05-20,14,Orthopedics,Diabetes,0
20031,1040,2023-09-16,2023-09-17,1,Oncology,Fracture,0
20032,1040,2023-12-01,2023-12-06,5,Orthopedics,Fracture,0
20033,1041,2023-01-21,2023-01-23,2,General Medicine,Hypertension,0
20034,1042,2022-09-13,2022-09-17,4,Emergency,Pneumonia,0
20035,1044,2023-12-15,2023-12-19,4,Cardiology,Appendicitis,1
20036,1044,2023-12-28,2024-01-02,5,Orthopedics,Chest Pain,0
20037,1047,2022-12-25,2022-12-27,2,Cardiology,COVID-19,0
20038,1050,2022-05-26,2022-05-29,3,Emergency,Hypertension,0
20039,1050,2022-02-10,2022-02-12,2,Oncology,Hypertension,0
20040,1051,2022-12-08,2022-12-09,1,Orthopedics,Diabetes,0
20041,1051,2023-10-08,2023-10-13,5,Emergency,Appendicitis,0
20042,1052,2023-11-16,2023-11-23,7,Orthopedics,Appendicitis,0
20043,1053,2022-05-10,2022-05-11,1,Cardiology,Pneumonia,0
20044,1055,2022-05-29,2022-06-05,7,General Medicine,COVID-19,0
20045,1056,2022-11-06,2022-11-09,3,Pediatrics,Pneumonia,0
20046,1056,2023-02-10,2023-02-15,5,Oncology,Diabetes,0
20047,1059,2023-05-22,2023-05-26,4,Orthopedics,Appendicitis,0
20048,1060,2023-12-14,2023-12-16,2,Oncology,Pneumonia,0
20049,1061,2022-01-25,2022-01-27,2,Orthopedics,Chest Pain,0
20050,1062,2023-06-08,2023-06-10,2,Pediatrics,Chest Pain,0
20051,1062,2022-01-17,2022-01-27,10,Pediatrics,Diabetes,0
20052,1064,2023-10-23,2023-10-28,5,Cardiology,Diabetes,0
20053,1064,2023-12-11,2023-12-25,14,Orthopedics,COVID-19,0
20054,1065,2023-05-04,2023-05-14,10,Orthopedics,Hypertension,0
20055,1066,2022-03-27,2022-04-06,10,Oncology,Hypertension,0
20056,1066,2023-09-21,2023-09-26,5,Orthopedics,Hypertension,0
20057,1069,2023-02-06,2023-02-09,3,Oncology,Pneumonia,0
20058,1069,2023-06-10,2023-06-14,4,Orthopedics,Diabetes,0
20059,1072,2022-07-02,2022-07-05,3,General Medicine,Appendicitis,0
20060,1073,2023-02-01,2023-02-05,4,Pediatrics,Diabetes,0
20061,1074,2022-11-07,2022-11-10,3,General Medicine,Diabetes,1
20062,1078,2022-01-29,2022-02-03,5,Orthopedics,Pneumonia,0
20063,1079,2023-03-16,2023-03-18,2,Oncology,Hypertension,0
20064,1082,2023-11-20,2023-11-21,1,Pediatrics,Hypertension,0
20065,1088,2022-12-10,2022-12-11,1,Pediatrics,Pneumonia,1
20066,1089,2023-01-15,2023-01-18,3,Oncology,Diabetes,0
20067,1090,2022-08-14,2022-08-15,1,Orthopedics,COVID-19,1
20068,1092,2023-05-08,2023-05-09,1,General Medicine,Chest Pain,0
20069,1092,2022-08-06,2022-08-07,1,Emergency,Chest Pain,1
20070,1093,2023-12-28,2024-01-04,7,General Medicine,Appendicitis,0
20071,1093,2023-07-27,2023-07-29,2,Cardiology,Fracture,0
20072,1094,2022-04-30,2022-05-05,5,Pediatrics,Fracture,0
20073,1094,2023-08-03,2023-08-07,4,General Medicine,Hypertension,0
20074,1095,2023-06-25,2023-07-02,7,General Medicine,Pneumonia,1
20075,1096,2022-08-14,2022-08-17,3,Oncology,Diabetes,0
20076,1096,2022-11-24,2022-11-28,4,Orthopedics,Chest Pain,0
20077,1096,2023-03-30,2023-04-13,14,General Medicine,Fracture,0
20078,1097,2022-10-28,2022-10-31,3,Orthopedics,Diabetes,0
20079,1097,2023-11-29,2023-12-03,4,Oncology,Hypertension,0
20080,1098,2022-08-04,2022-08-09,5,Cardiology,Pneumonia,0
20081,1098,2022-12-19,2022-12-20,1,Cardiology,Chest Pain,0
20082,1101,2023-10-29,2023-11-03,5,Oncology,Diabetes,0
20083,1102,2023-06-19,2023-06-20,1,General Medicine,Pneumonia,0
20084,1102,2023-03-13,2023-03-18,5,Oncology,COVID-19,0
20085,1103,2022-10-22,2022-10-23,1,General Medicine,Chest Pain,0
20086,1103,2023-10-29,2023-11-12,14,Oncology,COVID-19,0
20087,1105,2023-11-06,2023-11-07,1,Orthopedics,Pneumonia,0
20088,1108,2022-12-01,2022-12-11,10,Pediatrics,Appendicitis,0
20089,1109,2022-07-11,2022-07-16,5,General Medicine,Pneumonia,0
20090,1109,2023-12-06,2023-12-07,1,Cardiology,Hypertension,0
20091,1110,2022-08-15,2022-08-19,4,Oncology,Appendicitis,0
20092,1110,2022-01-29,2022-01-30,1,Cardiology,Chest Pain,0
20093,1110,2022-03-20,2022-03-27,7,General Medicine,Chest Pain,0
20094,1113,2022-04-09,2022-04-12,3,Pediatrics,COVID-19,0
20095,1114,2022-05-10,2022-05-15,5,Emergency,Hypertension,0
20096,1114,2023-04-04,2023-04-06,2,Cardiology,Fracture,1
20097,1117,2022-03-25,2022-03-27,2,General Medicine,Chest Pain,0
20098,1118,2023-06-11,2023-06-16,5,Pediatrics,COVID-19,0
20099,1119,2023-05-07,2023-05-10,3,General Medicine,Chest Pain,1
20100,1119,2023-03-06,2023-03-08,2,Orthopedics,Appendicitis,0
20101,1121,2022-07-18,2022-07-22,4,Cardiology,COVID-19,0
20102,1123,2022-07-25,2022-07-29,4,General Medicine,Chest Pain,0
20103,1123,2023-06-05,2023-06-07,2,Cardiology,COVID-19,0
20104,1123,2023-12-27,2023-12-31,4,Cardiology,Hypertension,0
20105,1124,2023-12-18,2023-12-19,1,Pediatrics,Hypertension,0
20106,1125,2023-05-10,2023-05-14,4,Cardiology,COVID-19,0
20107,1126,2022-08-02,2022-08-07,5,Cardiology,Chest Pain,0
20108,1126,2023-08-11,2023-08-25,14,Oncology,Fracture,0
20109,1126,2023-08-15,2023-08-18,3,Cardiology,Pneumonia,0
20110,1128,2022-08-13,2022-08-14,1,Orthopedics,Diabetes,0
20111,1128,2023-08-12,2023-08-13,1,Orthopedics,Pneumonia,0
20112,1130,2022-05-23,2022-05-25,2,Orthopedics,Fracture,0
20113,1132,2022-03-14,2022-03-15,1,Oncology,Appendicitis,0
20114,1132,2023-01-05,2023-01-15,10,Orthopedics,Diabetes,0
20115,1133,2023-01-18,2023-01-19,1,Emergency,Appendicitis,0
20116,1133,2023-01-25,2023-02-01,7,General Medicine,Fracture,0
20117,1134,2022-01-14,2022-01-15,1,Pediatrics,Fracture,0
20118,1137,2023-07-21,2023-07-24,3,Cardiology,Diabetes,0
20119,1138,2022-10-15,2022-10-18,3,Orthopedics,Chest Pain,0
20120,1139,2022-12-18,2022-12-21,3,Emergency,Chest Pain,0
20121,1145,2023-12-26,2023-12-31,5,General Medicine,Diabetes,0
20122,1149,2023-11-20,2023-11-23,3,Pediatrics,Chest Pain,0
20123,1152,2022-10-22,2022-10-24,2,Oncology,COVID-19,0
20124,1153,2022-08-25,2022-08-28,3,Cardiology,Diabetes,0
20125,1155,2023-04-23,2023-04-24,1,Cardiology,Pneumonia,0
20126,1156,2023-07-07,2023-07-09,2,Orthopedics,Diabetes,0
20127,1158,2022-05-10,2022-05-11,1,Oncology,Diabetes,0
20128,1161,2023-03-25,2023-03-30,5,Cardiology,Diabetes,0
20129,1162,2023-01-30,2023-02-06,7,Orthopedics,Diabetes,0
20130,1165,2022-05-13,2022-05-15,2,Cardiology,Pneumonia,0
20131,1166,2022-10-11,2022-10-12,1,Cardiology,Fracture,0
20132,1167,2023-05-12,2023-05-17,5,Oncology,Hypertension,0
20133,1168,2022-11-30,2022-12-01,1,Orthopedics,Fracture,0
20134,1168,2022-01-20,2022-01-21,1,Cardiology,Chest Pain,0
20135,1173,2022-10-03,2022-10-17,14,Orthopedics,Fracture,1
20136,1175,2023-05-10,2023-05-13,3,Orthopedics,Fracture,0
20137,1175,2022-10-21,2022-10-22,1,General Medicine,Fracture,0
20138,1175,2022-11-04,2022-11-09,5,Pediatrics,COVID-19,0
20139,1176,2023-10-31,2023-11-03,3,General Medicine,Chest Pain,0
20140,1176,2022-03-27,2022-03-29,2,Pediatrics,Appendicitis,0
20141,1177,2023-02-18,2023-02-21,3,Orthopedics,Appendicitis,0
20142,1178,2022-12-11,2022-12-15,4,Cardiology,COVID-19,0
20143,1178,2022-05-27,2022-06-06,10,Orthopedics,Appendicitis,0
20144,1179,2022-08-08,2022-08-09,1,Orthopedics,Chest Pain,0
20145,1181,2022-06-08,2022-06-13,5,Oncology,Pneumonia,0
20146,1181,2023-01-16,2023-01-21,5,Oncology,COVID-19,0
20147,1181,2022-01-19,2022-01-26,7,Pediatrics,Chest Pain,0
20148,1182,2022-11-27,2022-11-29,2,Oncology,COVID-19,0
20149,1183,2022-03-06,2022-03-08,2,Emergency,Appendicitis,0
20150,1184,2023-04-18,2023-04-22,4,Oncology,Appendicitis,0
20151,1187,2022-01-03,2022-01-06,3,Pediatrics,Fracture,1
20152,1188,2022-05-13,2022-05-15,2,Pediatrics,Fracture,0
20153,1188,2022-10-27,2022-10-30,3,General Medicine,COVID-19,0
20154,1188,2022-12-09,2022-12-16,7,Orthopedics,Fracture,0
20155,1189,2023-02-11,2023-02-14,3,Emergency,Pneumonia,0
20156,1191,2022-11-20,2022-11-30,10,Orthopedics,Diabetes,0
20157,1191,2022-11-30,2022-12-03,3,Emergency,Chest Pain,0
20158,1194,2022-05-24,2022-05-25,1,General Medicine,Diabetes,0
20159,1196,2022-09-20,2022-09-24,4,Emergency,COVID-19,0
20160,1196,2022-06-08,2022-06-13,5,Emergency,Chest Pain,0
20161,1197,2022-02-05,2022-02-08,3,Oncology,Appendicitis,0
20162,1198,2023-11-16,2023-11-20,4,Cardiology,Appendicitis,1
20163,1199,2022-01-26,2022-01-28,2,Oncology,Chest Pain,0
20164,1199,2023-01-13,2023-01-15,2,Cardiology,COVID-19,0
20165,1200,2022-10-20,2022-10-22,2,Oncology,Diabetes,0
20166,1201,2023-03-15,2023-03-19,4,Pediatrics,COVID-19,0
20167,1201,2023-04-28,2023-05-05,7,Pediatrics,Appendicitis,0
20168,1201,2023-10-23,2023-10-24,1,Emergency,Appendicitis,0
20169,1202,2022-06-09,2022-06-13,4,Emergency,Hypertension,0
20170,1203,2022-11-16,2022-11-17,1,Emergency,Diabetes,0
20171,1206,2023-06-15,2023-06-19,4,General Medicine,Pneumonia,0
20172,1206,2022-10-15,2022-10-17,2,Orthopedics,Chest Pain,0
20173,1206,2022-12-19,2022-12-23,4,Oncology,Chest Pain,0
20174,1209,2023-10-04,2023-10-08,4,General Medicine,COVID-19,0
20175,1210,2023-12-13,2023-12-17,4,Orthopedics,Chest Pain,0
20176,1213,2022-07-28,2022-08-11,14,Emergency,Pneumonia,0
20177,1213,2022-04-26,2022-04-27,1,Orthopedics,Hypertension,0
20178,1214,2022-10-14,2022-10-19,5,General Medicine,Pneumonia,0
20179,1217,2023-02-04,2023-02-08,4,Pediatrics,Hypertension,0
20180,1218,2022-12-14,2022-12-28,14,Orthopedics,Pneumonia,0
20181,1219,2022-10-13,2022-10-16,3,Cardiology,Chest Pain,0
20182,1219,2023-04-01,2023-04-06,5,Orthopedics,Appendicitis,0
20183,1220,2023-04-26,2023-04-28,2,Orthopedics,Diabetes,0
20184,1220,2022-12-27,2022-12-28,1,Orthopedics,Appendicitis,0
20185,1220,2023-03-25,2023-03-27,2,Oncology,Diabetes,0
20186,1222,2023-02-23,2023-02-28,5,Pediatrics,Hypertension,0
20187,1223,2022-01-12,2022-01-22,10,Cardiology,Hypertension,0
20188,1224,2022-08-04,2022-08-07,3,Orthopedics,Hypertension,0
20189,1227,2023-11-06,2023-11-07,1,General Medicine,Pneumonia,0
20190,1229,2022-10-16,2022-10-26,10,General Medicine,Chest Pain,0
20191,1229,2022-04-20,2022-04-27,7,General Medicine,Appendicitis,0
20192,1229,2023-03-12,2023-03-15,3,Orthopedics,Appendicitis,0
20193,1235,2023-10-15,2023-10-25,10,General Medicine,Fracture,0
20194,1235,2023-03-23,2023-03-27,4,Oncology,Hypertension,0
20195,1235,2022-09-11,2022-09-15,4,Cardiology,Pneumonia,0
20196,1237,2022-12-11,2022-12-12,1,Oncology,COVID-19,1
20197,1239,2022-04-09,2022-04-10,1,Pediatrics,Hypertension,0
20198,1239,2023-05-09,2023-05-10,1,Oncology,Hypertension,0
20199,1241,2022-12-25,2022-12-27,2,Pediatrics,Hypertension,0
20200,1241,2023-02-24,2023-02-27,3,Orthopedics,COVID-19,0
20201,1243,2023-04-28,2023-04-30,2,Cardiology,Diabetes,0
20202,1244,2023-01-21,2023-01-22,1,Oncology,Diabetes,0
20203,1244,2023-08-14,2023-08-18,4,General Medicine,Appendicitis,0
20204,1244,2023-02-27,2023-03-03,4,General Medicine,Pneumonia,0
20205,1245,2022-06-22,2022-06-23,1,Emergency,Pneumonia,0
20206,1245,2023-05-12,2023-05-15,3,Cardiology,Fracture,0
20207,1246,2023-05-25,2023-05-26,1,Emergency,Hypertension,0
20208,1247,2023-03-12,2023-03-19,7,Oncology,Chest Pain,0
20209,1248,2022-07-11,2022-07-16,5,Cardiology,Fracture,0
20210,1249,2022-01-29,2022-01-31,2,Emergency,Diabetes,0
20211,1251,2023-12-27,2023-12-31,4,General Medicine,Appendicitis,0
20212,1251,2022-06-22,2022-06-23,1,Pediatrics,Diabetes,0
20213,1252,2022-07-19,2022-07-20,1,Pediatrics,Pneumonia,0
20214,1256,2023-01-01,2023-01-15,14,Cardiology,Diabetes,1
20215,1256,2022-07-30,2022-08-03,4,Pediatrics,Diabetes,0
20216,1259,2023-07-04,2023-07-05,1,Emergency,Fracture,0
20217,1259,2022-12-03,2022-12-05,2,Oncology,Hypertension,0
20218,1260,2023-07-15,2023-07-17,2,Emergency,Pneumonia,0
20219,1262,2022-05-29,2022-05-30,1,Emergency,Chest Pain,0
20220,1262,2023-01-09,2023-01-12,3,Cardiology,Diabetes,0
20221,1263,2022-08-14,2022-08-15,1,Emergency,Diabetes,0
20222,1264,2023-10-27,2023-10-29,2,Orthopedics,Appendicitis,0
20223,1268,2022-04-23,2022-04-27,4,Emergency,COVID-19,0
20224,1268,2023-06-28,2023-06-30,2,Cardiology,Diabetes,0
20225,1270,2023-10-23,2023-11-06,14,Emergency,Hypertension,0
20226,1271,2022-07-22,2022-07-24,2,Cardiology,Chest Pain,0
20227,1273,2023-06-25,2023-06-29,4,General Medicine,Hypertension,0
20228,1274,2022-02-13,2022-02-18,5,General Medicine,Hypertension,0
20229,1274,2023-12-02,2023-12-07,5,Oncology,Pneumonia,0
20230,1278,2022-05-16,2022-05-19,3,Pediatrics,Diabetes,0
20231,1278,2022-05-09,2022-05-14,5,Pediatrics,Appendicitis,0
20232,1281,2023-02-09,2023-02-14,5,Emergency,Pneumonia,0
20233,1281,2022-03-07,2022-03-09,2,General Medicine,Pneumonia,0
20234,1282,2023-08-25,2023-09-01,7,Oncology,Chest Pain,0
20235,1284,2022-03-11,2022-03-18,7,Orthopedics,Pneumonia,1
20236,1284,2022-05-12,2022-05-14,2,Pediatrics,Chest Pain,0
20237,1285,2022-06-03,2022-06-05,2,Cardiology,Fracture,0
20238,1286,2022-02-07,2022-02-08,1,General Medicine,COVID-19,0
20239,1289,2023-05-30,2023-05-31,1,Orthopedics,Fracture,0
20240,1290,2023-06-20,2023-06-24,4,Orthopedics,Diabetes,0
20241,1292,2022-07-30,2022-07-31,1,General Medicine,Appendicitis,0
20242,1293,2023-12-05,2023-12-08,3,Orthopedics,Diabetes,0
20243,1293,2022-12-16,2022-12-18,2,Oncology,Fracture,0
20244,1296,2022-04-28,2022-05-02,4,Pediatrics,Pneumonia,0
20245,1297,2023-12-11,2023-12-25,14,Oncology,Diabetes,0
20246,1297,2022-05-17,2022-05-27,10,Cardiology,Diabetes,0
20247,1298,2023-09-11,2023-09-12,1,Pediatrics,COVID-19,0
20248,1298,2023-12-11,2023-12-14,3,Pediatrics,Appendicitis,0
20249,1299,2022-10-29,2022-10-31,2,Oncology,Appendicitis,0
20250,1300,2022-03-15,2022-03-25,10,Orthopedics,Diabetes,0
20251,1301,2022-10-22,2022-10-25,3,Cardiology,Appendicitis,0
20252,1302,2022-12-30,2022-12-31,1,Emergency,COVID-19,0
20253,1302,2023-10-26,2023-10-29,3,Pediatrics,Diabetes,0
20254,1308,2023-09-10,2023-09-17,7,Pediatrics,Pneumonia,0
20255,1308,2022-08-16,2022-08-17,1,Oncology,Fracture,0
20256,1309,2022-07-15,2022-07-17,2,Oncology,Hypertension,0
20257,1312,2023-04-17,2023-04-21,4,Cardiology,Appendicitis,0
20258,1316,2022-05-11,2022-05-16,5,Orthopedics,COVID-19,0
20259,1316,2022-11-01,2022-11-04,3,General Medicine,Hypertension,1
20260,1317,2023-03-01,2023-03-02,1,Orthopedics,Fracture,0
20261,1320,2023-10-26,2023-10-27,1,Orthopedics,Appendicitis,0
20262,1321,2023-08-21,2023-08-24,3,Pediatrics,Chest Pain,0
20263,1323,2023-06-01,2023-06-11,10,Oncology,Chest Pain,0
20264,1324,2023-03-11,2023-03-15,4,General Medicine,Diabetes,0
20265,1326,2023-10-12,2023-10-26,14,Emergency,COVID-19,0
20266,1327,2022-10-04,2022-10-05,1,Cardiology,Fracture,0
20267,1328,2023-01-11,2023-01-12,1,Emergency,Hypertension,0
20268,1331,2023-03-23,2023-03-27,4,Pediatrics,Pneumonia,0
20269,1331,2022-02-13,2022-02-16,3,Orthopedics,Chest Pain,0
20270,1333,2023-12-10,2023-12-24,14,Oncology,COVID-19,0
20271,1333,2023-08-09,2023-08-10,1,General Medicine,Hypertension,0
20272,1334,2022-03-13,2022-03-18,5,Cardiology,Fracture,0
20273,1335,2023-04-13,2023-04-17,4,Pediatrics,Fracture,0
20274,1335,2023-01-22,2023-01-24,2,Pediatrics,Chest Pain,0
20275,1337,2023-06-04,2023-06-11,7,Orthopedics,Fracture,0
20276,1340,2023-06-28,2023-06-29,1,Pediatrics,COVID-19,0
20277,1342,2023-11-01,2023-11-05,4,Pediatrics,Hypertension,0
20278,1342,2022-04-12,2022-04-26,14,Oncology,Fracture,0
20279,1344,2022-07-15,2022-07-20,5,Orthopedics,Pneumonia,0
20280,1346,2023-04-22,2023-04-24,2,Cardiology,COVID-19,0
20281,1348,2023-04-02,2023-04-04,2,Orthopedics,Appendicitis,0
20282,1348,2022-05-11,2022-05-18,7,Cardiology,Pneumonia,0
20283,1348,2022-10-04,2022-10-05,1,General Medicine,Diabetes,0
20284,1349,2023-06-30,2023-07-02,2,Orthopedics,COVID-19,0
20285,1350,2023-10-24,2023-10-29,5,Orthopedics,Fracture,0
20286,1350,2022-10-16,2022-10-17,1,Pediatrics,Appendicitis,0
20287,1352,2023-03-30,2023-04-06,7,Pediatrics,Appendicitis,0
20288,1353,2022-07-10,2022-07-12,2,General Medicine,Fracture,0
20289,1357,2023-10-16,2023-10-26,10,Cardiology,COVID-19,0
20290,1358,2022-07-26,2022-07-28,2,Cardiology,COVID-19,0
20291,1359,2023-08-26,2023-08-28,2,Oncology,Fracture,0
20292,1364,2022-10-08,2022-10-11,3,Oncology,Hypertension,0
20293,1365,2022-03-24,2022-04-07,14,Pediatrics,Fracture,0
20294,1366,2022-03-14,2022-03-16,2,Oncology,Hypertension,0
20295,1366,2023-05-23,2023-05-27,4,Cardiology,COVID-19,0
20296,1366,2022-04-30,2022-05-05,5,General Medicine,COVID-19,0
20297,1370,2022-07-22,2022-07-23,1,Cardiology,Pneumonia,0
20298,1371,2022-03-09,2022-03-16,7,General Medicine,Fracture,0
20299,1374,2022-03-03,2022-03-08,5,Orthopedics,Chest Pain,0
20300,1374,2022-02-04,2022-02-06,2,General Medicine,COVID-19,0
20301,1375,2022-10-31,2022-11-07,7,Orthopedics,Hypertension,0
20302,1378,2022-03-06,2022-03-07,1,Emergency,Pneumonia,0
20303,1378,2023-02-28,2023-03-02,2,Emergency,Chest Pain,0
20304,1378,2023-07-13,2023-07-14,1,Oncology,Pneumonia,0
20305,1381,2023-05-20,2023-05-25,5,Cardiology,Appendicitis,0
20306,1382,2023-02-10,2023-02-15,5,Pediatrics,Chest Pain,1
20307,1385,2022-09-19,2022-09-26,7,Cardiology,Chest Pain,0
20308,1385,2023-07-27,2023-07-30,3,General Medicine,Hypertension,0
20309,1388,2023-02-28,2023-03-03,3,Pediatrics,Diabetes,0
20310,1389,2023-12-02,2023-12-03,1,Cardiology,COVID-19,0
20311,1394,2022-12-29,2022-12-30,1,Oncology,Appendicitis,0
20312,1394,2022-12-10,2022-12-11,1,Oncology,Pneumonia,0
20313,1397,2023-02-01,2023-02-05,4,General Medicine,Hypertension,0
20314,1398,2023-07-11,2023-07-13,2,Oncology,Hypertension,0
20315,1400,2022-08-28,2022-08-30,2,Emergency,Pneumonia,0
20316,1400,2022-09-07,2022-09-12,5,Cardiology,Diabetes,0
20317,1402,2023-10-20,2023-10-21,1,Cardiology,Fracture,0
20318,1402,2023-10-01,2023-10-05,4,Orthopedics,Hypertension,0
20319,1403,2022-04-23,2022-04-24,1,Emergency,COVID-19,0
20320,1405,2023-03-26,2023-04-02,7,Cardiology,Fracture,0
20321,1405,2022-07-29,2022-07-30,1,Oncology,Fracture,0
20322,1408,2023-01-22,2023-01-25,3,Oncology,Chest Pain,0
20323,1408,2022-03-22,2022-03-26,4,Oncology,Fracture,0
20324,1412,2022-10-06,2022-10-13,7,Oncology,Diabetes,0
20325,1412,2022-10-04,2022-10-08,4,General Medicine,COVID-19,0
20326,1413,2023-09-26,2023-09-30,4,Emergency,Appendicitis,0
20327,1415,2022-02-10,2022-02-13,3,Oncology,COVID-19,0
20328,1416,2022-04-28,2022-05-03,5,Emergency,Hypertension,0
20329,1421,2022-05-28,2022-05-30,2,Cardiology,Diabetes,0
20330,1425,2023-07-30,2023-08-03,4,Orthopedics,Appendicitis,0
20331,1425,2023-09-20,2023-09-24,4,Pediatrics,COVID-19,0
20332,1428,2022-12-10,2022-12-13,3,General Medicine,COVID-19,1
20333,1435,2023-06-26,2023-06-27,1,Cardiology,Appendicitis,0
20334,1438,2022-07-20,2022-08-03,14,General Medicine,Diabetes,0
20335,1439,2022-04-19,2022-05-03,14,Oncology,Appendicitis,0
20336,1440,2022-12-31,2023-01-05,5,Emergency,Hypertension,0
20337,1440,2023-07-08,2023-07-15,7,Cardiology,Appendicitis,0
20338,1442,2023-06-17,2023-07-01,14,General Medicine,Hypertension,0
20339,1444,2023-04-28,2023-04-29,1,General Medicine,Hypertension,0
20340,1446,2022-08-02,2022-08-06,4,Cardiology,COVID-19,0
20341,1446,2022-06-14,2022-06-19,5,Cardiology,Hypertension,0
20342,1447,2022-04-01,2022-04-11,10,Oncology,Hypertension,0
20343,1447,2023-11-16,2023-11-19,3,Pediatrics,Chest Pain,0
20344,1447,2023-01-30,2023-02-02,3,Oncology,Chest Pain,0
20345,1448,2023-06-08,2023-06-22,14,Oncology,Hypertension,0
20346,1449,2023-08-05,2023-08-09,4,Cardiology,Fracture,0
20347,1452,2023-12-16,2023-12-26,10,General Medicine,Chest Pain,0
20348,1453,2023-08-27,2023-09-03,7,General Medicine,Hypertension,0
20349,1453,2022-12-31,2023-01-03,3,Cardiology,Appendicitis,1
20350,1456,2022-05-27,2022-05-29,2,Pediatrics,COVID-19,0
20351,1458,2023-12-21,2023-12-26,5,Orthopedics,Diabetes,0
20352,1460,2022-10-04,2022-10-06,2,Orthopedics,Hypertension,0
20353,1460,2023-10-26,2023-10-31,5,Orthopedics,Hypertension,0
20354,1461,2022-04-23,2022-04-24,1,Cardiology,Appendicitis,0
20355,1461,2023-08-02,2023-08-07,5,Pediatrics,COVID-19,0
20356,1462,2023-10-10,2023-10-15,5,Oncology,Appendicitis,0
20357,1463,2022-04-14,2022-04-16,2,Emergency,Pneumonia,0
20358,1463,2023-01-19,2023-01-23,4,Oncology,Fracture,0
20359,1465,2023-11-16,2023-11-20,4,General Medicine,Diabetes,0
20360,1467,2022-06-11,2022-06-16,5,Cardiology,Diabetes,0
20361,1467,2022-07-07,2022-07-08,1,Pediatrics,COVID-19,0
20362,1468,2022-10-17,2022-10-19,2,Emergency,Chest Pain,0
20363,1469,2022-01-27,2022-01-28,1,Emergency,Diabetes,0
20364,1470,2023-06-17,2023-06-19,2,General Medicine,Diabetes,0
20365,1470,2022-10-08,2022-10-09,1,General Medicine,Chest Pain,0
20366,1471,2022-01-10,2022-01-17,7,Emergency,COVID-19,0
20367,1472,2022-06-27,2022-07-02,5,Emergency,Pneumonia,0
20368,1473,2023-12-04,2023-12-05,1,Orthopedics,Pneumonia,0
20369,1474,2022-10-17,2022-10-18,1,Pediatrics,Fracture,0
20370,1476,2022-08-29,2022-09-01,3,Cardiology,Hypertension,0
20371,1478,2023-01-25,2023-01-27,2,Oncology,Chest Pain,0
20372,1483,2023-09-04,2023-09-14,10,Cardiology,Diabetes,0
20373,1486,2023-04-16,2023-04-19,3,Pediatrics,Chest Pain,0
20374,1486,2023-12-30,2024-01-04,5,Emergency,Hypertension,0
20375,1488,2023-03-28,2023-04-02,5,Pediatrics,Chest Pain,0
20376,1488,2023-06-17,2023-06-20,3,Oncology,Pneumonia,0
20377,1488,2022-10-20,2022-10-21,1,General Medicine,COVID-19,0
20378,1489,2022-10-30,2022-10-31,1,Oncology,Fracture,0
20379,1489,2022-08-15,2022-08-17,2,General Medicine,Fracture,0
20380,1490,2023-02-01,2023-02-04,3,Pediatrics,Hypertension,0
20381,1492,2022-04-10,2022-04-14,4,Cardiology,Hypertension,0
20382,1492,2022-06-11,2022-06-13,2,Oncology,Pneumonia,0
20383,1494,2023-06-24,2023-06-29,5,Emergency,Chest Pain,0
20384,1494,2022-12-22,2022-12-23,1,Pediatrics,COVID-19,0
20385,1495,2023-07-19,2023-07-21,2,General Medicine,Hypertension,0
20386,1495,2023-07-12,2023-07-14,2,Oncology,Appendicitis,0
20387,1496,2023-01-22,2023-01-25,3,Oncology,Fracture,0
20388,1496,2022-07-01,2022-07-03,2,Orthopedics,Hypertension,0
20389,1496,2023-02-13,2023-02-27,14,Cardiology,Chest Pain,0
20390,1497,2022-06-05,2022-06-07,2,Cardiology,Appendicitis,0
20391,1499,2022-06-24,2022-07-01,7,Orthopedics,Fracture,0
20392,1499,2022-05-14,2022-05-17,3,Orthopedics,Chest Pain,0
20393,1501,2023-09-30,2023-10-04,4,Oncology,Pneumonia,0
20394,1502,2022-08-16,2022-08-23,7,Emergency,Hypertension,0
20395,1503,2022-08-02,2022-08-03,1,General Medicine,Chest Pain,0
20396,1503,2023-05-04,2023-05-14,10,Cardiology,COVID-19,0
20397,1503,2022-07-24,2022-07-29,5,Emergency,Diabetes,0
20398,1505,2022-05-23,2022-05-27,4,Pediatrics,Hypertension,0
20399,1505,2023-06-13,2023-06-15,2,Pediatrics,Diabetes,0
20400,1505,2022-12-28,2023-01-04,7,General Medicine,Appendicitis,0
20401,1505,2023-05-22,2023-05-26,4,General Medicine,Pneumonia,0
20402,1506,2023-02-16,2023-02-20,4,Pediatrics,COVID-19,0
20403,1506,2023-11-18,2023-11-28,10,Orthopedics,Chest Pain,0
20404,1507,2023-05-04,2023-05-08,4,Orthopedics,Pneumonia,0
20405,1508,2022-09-05,2022-09-06,1,Oncology,Fracture,1
20406,1508,2022-01-15,2022-01-17,2,Orthopedics,Fracture,0
20407,1509,2023-08-13,2023-08-16,3,General Medicine,COVID-19,0
20408,1509,2022-01-03,2022-01-04,1,Oncology,Fracture,0
20409,1509,2023-03-04,2023-03-11,7,Cardiology,Appendicitis,0
20410,1511,2023-05-07,2023-05-21,14,Orthopedics,COVID-19,0
20411,1511,2022-09-09,2022-09-23,14,Cardiology,COVID-19,0
20412,1512,2023-08-24,2023-09-03,10,Cardiology,Fracture,0
20413,1512,2022-06-03,2022-06-04,1,Pediatrics,Fracture,0
20414,1513,2022-09-30,2022-10-14,14,Emergency,Diabetes,0
20415,1514,2022-01-08,2022-01-13,5,Orthopedics,COVID-19,0
20416,1514,2023-08-29,2023-09-02,4,Orthopedics,Hypertension,0
20417,1516,2022-03-27,2022-03-31,4,Cardiology,Pneumonia,0
20418,1517,2022-06-05,2022-06-07,2,Oncology,Fracture,0
20419,1520,2023-09-05,2023-09-07,2,Oncology,Diabetes,0
20420,1520,2023-10-15,2023-10-16,1,General Medicine,Hypertension,0
20421,1522,2022-11-23,2022-11-25,2,General Medicine,Diabetes,0
20422,1522,2023-09-21,2023-09-22,1,Pediatrics,Appendicitis,0
20423,1522,2022-12-25,2022-12-29,4,Orthopedics,Diabetes,0
20424,1523,2023-11-24,2023-11-26,2,Orthopedics,Diabetes,0
20425,1526,2022-09-23,2022-09-30,7,Emergency,COVID-19,0
20426,1528,2023-08-03,2023-08-07,4,Oncology,COVID-19,0
20427,1529,2022-10-09,2022-10-16,7,Oncology,Pneumonia,0
20428,1531,2023-04-07,2023-04-12,5,General Medicine,Fracture,0
20429,1531,2023-02-03,2023-02-06,3,General Medicine,Hypertension,0
20430,1534,2023-05-09,2023-05-10,1,Orthopedics,Fracture,0
20431,1535,2022-10-07,2022-10-14,7,General Medicine,Fracture,0
20432,1535,2022-06-13,2022-06-17,4,Oncology,COVID-19,0
20433,1536,2023-03-09,2023-03-12,3,Pediatrics,Appendicitis,0
20434,1540,2023-12-01,2023-12-04,3,Pediatrics,Hypertension,0
20435,1541,2022-03-26,2022-03-28,2,Cardiology,Fracture,0
20436,1543,2023-05-26,2023-05-30,4,Oncology,Chest Pain,0
20437,1543,2022-12-09,2022-12-13,4,General Medicine,Hypertension,0
20438,1544,2022-07-25,2022-07-26,1,Pediatrics,Pneumonia,0
20439,1545,2023-06-12,2023-06-17,5,Pediatrics,Diabetes,0
20440,1546,2023-07-25,2023-07-28,3,Cardiology,Pneumonia,0
20441,1549,2023-04-25,2023-04-26,1,Orthopedics,Diabetes,0
20442,1550,2022-06-02,2022-06-03,1,Orthopedics,Chest Pain,0
20443,1551,2022-03-22,2022-04-01,10,Pediatrics,Appendicitis,0
20444,1551,2022-04-14,2022-04-15,1,Oncology,Hypertension,0
20445,1552,2023-01-13,2023-01-18,5,Orthopedics,Chest Pain,0
20446,1554,2022-05-21,2022-05-23,2,General Medicine,Pneumonia,0
20447,1557,2022-07-11,2022-07-14,3,General Medicine,Pneumonia,0
20448,1557,2022-04-10,2022-04-15,5,General Medicine,Diabetes,0
20449,1560,2022-09-27,2022-10-04,7,Orthopedics,COVID-19,0
20450,1561,2022-06-17,2022-06-18,1,Oncology,Pneumonia,0
20451,1562,2023-04-28,2023-05-08,10,Orthopedics,Diabetes,0
20452,1562,2023-07-09,2023-07-16,7,Pediatrics,Hypertension,0
20453,1565,2023-01-10,2023-01-14,4,Emergency,Hypertension,0
20454,1565,2023-08-18,2023-08-22,4,Pediatrics,Diabetes,0
20455,1565,2022-05-04,2022-05-05,1,General Medicine,Hypertension,0
20456,1569,2022-03-10,2022-03-11,1,Cardiology,COVID-19,0
20457,1572,2023-03-26,2023-03-28,2,Emergency,Appendicitis,0
20458,1573,2022-08-03,2022-08-06,3,Oncology,Diabetes,0
20459,1573,2023-02-08,2023-02-10,2,Cardiology,Fracture,0
20460,1573,2023-12-15,2023-12-25,10,Pediatrics,Chest Pain,0
20461,1574,2022-11-18,2022-12-02,14,Orthopedics,Diabetes,0
20462,1576,2023-11-20,2023-11-22,2,Emergency,Appendicitis,0
20463,1576,2022-04-08,2022-04-11,3,Cardiology,Pneumonia,0
20464,1578,2022-10-22,2022-10-23,1,Cardiology,Fracture,0
20465,1578,2022-01-20,2022-01-22,2,Oncology,Hypertension,0
20466,1579,2023-01-02,2023-01-06,4,Emergency,Hypertension,0
20467,1580,2022-10-10,2022-10-14,4,Cardiology,Chest Pain,0
20468,1581,2022-04-10,2022-04-12,2,Oncology,Appendicitis,0
20469,1585,2023-07-14,2023-07-15,1,Emergency,COVID-19,0
20470,1586,2022-10-11,2022-10-15,4,Pediatrics,Pneumonia,0
20471,1587,2022-03-14,2022-03-21,7,General Medicine,COVID-19,0
20472,1587,2022-09-19,2022-10-03,14,Pediatrics,Diabetes,0
20473,1587,2023-01-05,2023-01-10,5,Emergency,COVID-19,0
20474,1588,2023-02-13,2023-02-16,3,General Medicine,Diabetes,0
20475,1590,2022-09-05,2022-09-07,2,Oncology,Chest Pain,0
20476,1591,2022-02-08,2022-02-09,1,Oncology,COVID-19,0
20477,1591,2023-04-25,2023-05-05,10,Oncology,Chest Pain,0
20478,1595,2022-11-10,2022-11-14,4,General Medicine,Hypertension,0
20479,1598,2022-06-13,2022-06-23,10,Oncology,Fracture,0
20480,1600,2023-11-22,2023-11-27,5,Emergency,Chest Pain,0
20481,1600,2023-05-24,2023-05-28,4,Cardiology,Fracture,0
20482,1603,2023-03-21,2023-03-28,7,Pediatrics,COVID-19,0
20483,1603,2023-11-11,2023-11-14,3,Oncology,Pneumonia,0
20484,1603,2023-07-03,2023-07-08,5,Orthopedics,Chest Pain,0
20485,1604,2023-11-29,2023-11-30,1,Emergency,Chest Pain,0
20486,1605,2022-03-29,2022-04-08,10,Orthopedics,COVID-19,0
20487,1606,2022-05-01,2022-05-03,2,Pediatrics,COVID-19,0
20488,1610,2022-03-10,2022-03-11,1,Emergency,Diabetes,0
20489,1610,2022-10-10,2022-10-13,3,General Medicine,Pneumonia,0
20490,1610,2022-10-04,2022-10-09,5,Orthopedics,Diabetes,0
20491,1611,2023-07-21,2023-07-31,10,Cardiology,Pneumonia,0
20492,1611,2022-06-26,2022-06-29,3,Oncology,Hypertension,0
20493,1612,2022-05-17,2022-05-18,1,Oncology,Pneumonia,0
20494,1614,2022-03-28,2022-04-04,7,Emergency,COVID-19,0
20495,1615,2023-12-27,2023-12-29,2,Pediatrics,COVID-19,0
20496,1617,2023-09-16,2023-09-17,1,Cardiology,Pneumonia,0
20497,1619,2023-10-24,2023-10-27,3,General Medicine,Chest Pain,0
20498,1619,2023-09-30,2023-10-01,1,Pediatrics,Pneumonia,0
20499,1624,2022-07-25,2022-07-26,1,Cardiology,Hypertension,0
20500,1627,2022-12-29,2023-01-02,4,Oncology,Appendicitis,0
20501,1629,2022-06-24,2022-06-29,5,Emergency,COVID-19,0
20502,1631,2022-04-03,2022-04-06,3,General Medicine,COVID-19,0
20503,1632,2022-10-22,2022-10-23,1,Emergency,Appendicitis,0
20504,1635,2022-04-13,2022-04-16,3,Orthopedics,Fracture,0
20505,1636,2023-01-22,2023-01-26,4,Orthopedics,COVID-19,0
20506,1637,2022-01-25,2022-01-30,5,Orthopedics,Pneumonia,0
20507,1638,2023-08-21,2023-08-28,7,Pediatrics,Chest Pain,0
20508,1640,2022-12-05,2022-12-12,7,Emergency,Chest Pain,0
20509,1641,2023-06-26,2023-06-30,4,Orthopedics,Chest Pain,0
20510,1645,2022-10-19,2022-10-26,7,Pediatrics,Hypertension,0
20511,1646,2022-11-29,2022-12-06,7,Orthopedics,Hypertension,0
20512,1647,2022-01-03,2022-01-05,2,Emergency,Appendicitis,0
20513,1647,2022-02-28,2022-03-05,5,Emergency,Chest Pain,0
20514,1651,2022-03-03,2022-03-10,7,Emergency,Appendicitis,0
20515,1652,2023-05-19,2023-05-22,3,Emergency,Chest Pain,0
20516,1653,2023-01-03,2023-01-08,5,Orthopedics,COVID-19,0
20517,1654,2023-04-30,2023-05-02,2,Cardiology,Chest Pain,0
20518,1656,2023-03-18,2023-03-28,10,General Medicine,COVID-19,0
20519,1657,2023-05-05,2023-05-09,4,Emergency,Chest Pain,0
20520,1659,2022-02-23,2022-02-25,2,Cardiology,COVID-19,0
20521,1661,2023-10-12,2023-10-15,3,General Medicine,Hypertension,0
20522,1661,2023-08-16,2023-08-20,4,Oncology,Chest Pain,0
20523,1663,2023-01-04,2023-01-06,2,Pediatrics,Pneumonia,0
20524,1665,2023-11-16,2023-11-23,7,Oncology,COVID-19,0
20525,1665,2023-09-14,2023-09-16,2,Pediatrics,Pneumonia,0
20526,1667,2022-12-06,2022-12-11,5,Orthopedics,Hypertension,0
20527,1667,2022-06-10,2022-06-13,3,Orthopedics,Diabetes,0
20528,1670,2023-06-01,2023-06-05,4,Cardiology,Fracture,0
20529,1671,2023-01-01,2023-01-08,7,Oncology,Fracture,0
20530,1672,2022-07-01,2022-07-06,5,Cardiology,Hypertension,1
20531,1672,2022-01-27,2022-02-10,14,Orthopedics,COVID-19,0
20532,1672,2022-04-01,2022-04-08,7,Pediatrics,Pneumonia,0
20533,1672,2022-12-31,2023-01-03,3,Oncology,COVID-19,0
20534,1675,2023-05-23,2023-05-27,4,Pediatrics,Fracture,0
20535,1675,2022-06-15,2022-06-16,1,Orthopedics,Fracture,0
20536,1675,2023-03-09,2023-03-14,5,Emergency,COVID-19,0
20537,1676,2022-07-27,2022-07-30,3,Orthopedics,Fracture,0
20538,1676,2022-12-05,2022-12-09,4,General Medicine,Diabetes,1
20539,1677,2022-03-15,2022-03-16,1,General Medicine,Chest Pain,0
20540,1678,2023-11-26,2023-11-30,4,Oncology,Appendicitis,0
20541,1678,2023-07-17,2023-07-20,3,Oncology,Chest Pain,0
20542,1679,2023-11-09,2023-11-13,4,Pediatrics,Fracture,0
20543,1680,2023-07-21,2023-07-28,7,Emergency,Fracture,0
20544,1681,2023-07-25,2023-07-29,4,General Medicine,Hypertension,0
20545,1681,2023-04-03,2023-04-07,4,Emergency,Pneumonia,0
20546,1682,2023-09-08,2023-09-13,5,Orthopedics,Pneumonia,0
20547,1683,2023-02-08,2023-02-12,4,Pediatrics,Pneumonia,0
20548,1683,2022-02-28,2022-03-04,4,Emergency,Hypertension,0
20549,1684,2022-07-03,2022-07-13,10,Emergency,Hypertension,0
20550,1684,2023-03-14,2023-03-18,4,Oncology,Hypertension,0
20551,1690,2023-06-03,2023-06-06,3,Orthopedics,Pneumonia,1
20552,1690,2022-06-04,2022-06-09,5,Oncology,Diabetes,0
20553,1690,2023-05-26,2023-05-27,1,Cardiology,Fracture,0
20554,1692,2022-09-21,2022-10-01,10,Pediatrics,COVID-19,0
20555,1697,2023-05-09,2023-05-11,2,General Medicine,Chest Pain,0
20556,1697,2022-12-30,2022-12-31,1,General Medicine,Hypertension,0
20557,1699,2023-04-30,2023-05-03,3,Emergency,Fracture,1
20558,1705,2023-07-22,2023-07-23,1,Emergency,Fracture,0
20559,1707,2022-04-11,2022-04-12,1,Pediatrics,COVID-19,0
20560,1708,2023-01-11,2023-01-12,1,Pediatrics,Diabetes,0
20561,1710,2023-05-01,2023-05-06,5,Cardiology,Diabetes,0
20562,1710,2022-12-21,2022-12-22,1,Emergency,Chest Pain,0
20563,1711,2023-05-05,2023-05-12,7,Pediatrics,Hypertension,0
20564,1713,2023-11-19,2023-11-22,3,Pediatrics,Hypertension,1
20565,1714,2023-05-18,2023-05-25,7,Orthopedics,COVID-19,1
20566,1715,2022-03-23,2022-03-26,3,Emergency,Diabetes,0
20567,1716,2023-03-20,2023-03-22,2,Cardiology,Diabetes,0
20568,1719,2023-05-03,2023-05-04,1,General Medicine,Diabetes,1
20569,1721,2022-09-27,2022-10-01,4,Emergency,Fracture,0
20570,1722,2023-11-03,2023-11-05,2,Emergency,Fracture,0
20571,1723,2023-03-27,2023-03-29,2,Cardiology,Chest Pain,0
20572,1724,2023-02-26,2023-03-12,14,Orthopedics,Appendicitis,0
20573,1727,2023-11-30,2023-12-02,2,Emergency,Hypertension,0
20574,1728,2022-11-04,2022-11-08,4,Oncology,COVID-19,0
20575,1730,2023-02-10,2023-02-15,5,Emergency,Pneumonia,0
20576,1731,2023-05-15,2023-05-20,5,Emergency,Chest Pain,0
20577,1732,2022-09-30,2022-10-02,2,Cardiology,Diabetes,0
20578,1733,2022-08-17,2022-08-20,3,Emergency,Diabetes,0
20579,1733,2022-09-29,2022-10-03,4,Pediatrics,Pneumonia,0
20580,1733,2023-05-26,2023-05-30,4,Emergency,Hypertension,1
20581,1733,2023-08-31,2023-09-02,2,Orthopedics,Fracture,0
20582,1734,2023-08-29,2023-08-31,2,Emergency,COVID-19,0
20583,1735,2022-07-20,2022-07-23,3,Cardiology,Fracture,0
20584,1737,2022-11-04,2022-11-14,10,Pediatrics,Fracture,1
20585,1738,2022-05-20,2022-05-25,5,General Medicine,COVID-19,0
20586,1738,2022-03-13,2022-03-23,10,General Medicine,Diabetes,0
20587,1739,2022-05-19,2022-05-23,4,General Medicine,Diabetes,0
20588,1741,2023-07-22,2023-07-24,2,Cardiology,Diabetes,0
20589,1741,2023-05-08,2023-05-15,7,Pediatrics,Pneumonia,0
20590,1742,2022-05-19,2022-05-21,2,Cardiology,Diabetes,0
20591,1745,2022-01-06,2022-01-10,4,Emergency,Fracture,0
20592,1746,2022-10-26,2022-10-28,2,Cardiology,Fracture,0
20593,1746,2023-07-24,2023-07-29,5,Oncology,Diabetes,0
20594,1746,2022-09-04,2022-09-07,3,Cardiology,Chest Pain,0
20595,1746,2022-09-09,2022-09-11,2,Oncology,Hypertension,0
20596,1750,2023-12-21,2023-12-24,3,Pediatrics,COVID-19,0
20597,1750,2022-05-17,2022-05-19,2,Cardiology,Fracture,0
20598,1754,2023-05-25,2023-05-26,1,Cardiology,Fracture,0
20599,1755,2022-07-30,2022-08-09,10,General Medicine,Fracture,0
20600,1756,2022-09-28,2022-10-01,3,Pediatrics,Appendicitis,0
20601,1758,2022-05-20,2022-05-30,10,Pediatrics,Pneumonia,0
20602,1758,2022-07-02,2022-07-03,1,Pediatrics,Chest Pain,0
20603,1759,2023-03-09,2023-03-16,7,Cardiology,COVID-19,0
20604,1759,2023-04-26,2023-04-27,1,Oncology,Appendicitis,0
20605,1760,2022-10-29,2022-11-02,4,Emergency,Diabetes,0
20606,1766,2023-12-27,2023-12-30,3,General Medicine,Chest Pain,0
20607,1768,2022-07-22,2022-07-29,7,General Medicine,COVID-19,0
20608,1768,2022-08-25,2022-08-26,1,Orthopedics,COVID-19,0
20609,1770,2023-07-25,2023-07-29,4,Emergency,Pneumonia,0
20610,1772,2023-08-25,2023-08-30,5,Cardiology,Diabetes,0
20611,1773,2023-08-29,2023-08-31,2,Orthopedics,Chest Pain,1
20612,1778,2023-07-06,2023-07-20,14,Pediatrics,Pneumonia,0
20613,1780,2023-09-03,2023-09-05,2,Emergency,COVID-19,0
20614,1780,2023-11-18,2023-11-19,1,General Medicine,Pneumonia,0
20615,1780,2023-10-15,2023-10-16,1,Orthopedics,Hypertension,0
20616,1781,2023-01-01,2023-01-02,1,Orthopedics,Pneumonia,0
20617,1782,2022-09-26,2022-09-29,3,Cardiology,COVID-19,0
20618,1783,2023-07-24,2023-07-28,4,Pediatrics,Pneumonia,0
20619,1785,2023-12-11,2023-12-15,4,Oncology,COVID-19,0
20620,1787,2023-07-10,2023-07-11,1,Pediatrics,Fracture,0
20621,1787,2023-05-06,2023-05-07,1,Pediatrics,Chest Pain,0
20622,1788,2023-11-06,2023-11-09,3,Cardiology,Diabetes,0
20623,1789,2022-12-29,2023-01-12,14,General Medicine,Fracture,0
20624,1789,2022-06-13,2022-06-16,3,Emergency,COVID-19,0
20625,1790,2022-07-06,2022-07-07,1,Emergency,Pneumonia,0
20626,1793,2022-05-16,2022-05-19,3,General Medicine,Hypertension,0
20627,1794,2023-08-06,2023-08-16,10,General Medicine,Pneumonia,0
20628,1795,2023-04-03,2023-04-05,2,Oncology,Pneumonia,0
20629,1796,2023-09-02,2023-09-09,7,Orthopedics,Chest Pain,0
20630,1797,2023-05-09,2023-05-10,1,Cardiology,Pneumonia,0
20631,1797,2022-01-06,2022-01-08,2,Emergency,Hypertension,0
20632,1798,2022-07-21,2022-07-25,4,Orthopedics,Pneumonia,0
20633,1802,2023-02-20,2023-02-24,4,Orthopedics,Diabetes,0
20634,1802,2023-06-18,2023-06-19,1,Emergency,COVID-19,0
20635,1803,2023-05-30,2023-06-13,14,Emergency,Pneumonia,0
20636,1804,2022-09-08,2022-09-18,10,Oncology,Pneumonia,0
20637,1805,2022-02-16,2022-02-19,3,Pediatrics,Chest Pain,0
20638,1806,2022-09-05,2022-09-08,3,Cardiology,Pneumonia,0
20639,1807,2022-11-10,2022-11-12,2,Oncology,COVID-19,0
20640,1813,2023-12-22,2023-12-24,2,Emergency,Hypertension,0
20641,1813,2022-05-01,2022-05-04,3,Oncology,Appendicitis,0
20642,1815,2022-07-06,2022-07-10,4,Oncology,Pneumonia,0
20643,1816,2022-10-31,2022-11-04,4,Pediatrics,Appendicitis,0
20644,1817,2023-04-19,2023-04-21,2,Cardiology,Appendicitis,0
20645,1819,2023-07-29,2023-07-30,1,Pediatrics,Diabetes,0
20646,1820,2023-01-11,2023-01-13,2,Oncology,Pneumonia,0
20647,1820,2022-03-31,2022-04-01,1,Pediatrics,Fracture,0
20648,1822,2023-02-04,2023-02-06,2,Orthopedics,Pneumonia,0
20649,1823,2023-03-07,2023-03-10,3,Oncology,COVID-19,0
20650,1823,2023-09-10,2023-09-12,2,Oncology,Diabetes,0
20651,1823,2022-11-07,2022-11-08,1,Pediatrics,Fracture,0
20652,1827,2022-01-30,2022-02-01,2,Orthopedics,Diabetes,0
20653,1829,2023-06-18,2023-06-20,2,General Medicine,COVID-19,0
20654,1832,2022-05-28,2022-06-01,4,Emergency,Hypertension,0
20655,1832,2023-06-01,2023-06-02,1,Emergency,Pneumonia,0
20656,1834,2023-08-12,2023-08-26,14,Cardiology,COVID-19,0
20657,1835,2022-07-08,2022-07-12,4,Pediatrics,Hypertension,1
20658,1835,2022-10-15,2022-10-19,4,Oncology,Hypertension,0
20659,1835,2022-05-10,2022-05-14,4,Oncology,Fracture,0
20660,1835,2022-05-24,2022-05-28,4,Cardiology,Appendicitis,0
20661,1840,2023-08-30,2023-09-02,3,Cardiology,Chest Pain,0
20662,1842,2023-09-10,2023-09-17,7,Orthopedics,Chest Pain,0
20663,1842,2023-02-14,2023-02-16,2,Pediatrics,Appendicitis,0
20664,1843,2022-07-14,2022-07-18,4,Orthopedics,Hypertension,0
20665,1844,2022-11-12,2022-11-13,1,Cardiology,Appendicitis,0
20666,1847,2022-12-27,2022-12-31,4,Oncology,Diabetes,0
20667,1848,2022-07-04,2022-07-11,7,General Medicine,Hypertension,0
20668,1849,2023-04-19,2023-04-23,4,General Medicine,COVID-19,0
20669,1852,2022-02-08,2022-02-12,4,Pediatrics,COVID-19,0
20670,1852,2023-09-28,2023-10-03,5,Oncology,Pneumonia,0
20671,1853,2023-06-11,2023-06-18,7,Pediatrics,Appendicitis,0
20672,1853,2022-05-05,2022-05-06,1,Pediatrics,Fracture,0
20673,1854,2023-11-05,2023-11-15,10,Cardiology,COVID-19,0
20674,1854,2023-03-30,2023-04-04,5,Emergency,Appendicitis,0
20675,1855,2022-12-22,2022-12-26,4,General Medicine,Appendicitis,0
20676,1856,2023-10-25,2023-10-26,1,Emergency,Diabetes,0
20677,1856,2023-11-30,2023-12-10,10,Orthopedics,Diabetes,0
20678,1860,2023-07-12,2023-07-13,1,General Medicine,Pneumonia,0
20679,1860,2023-11-12,2023-11-15,3,Oncology,Hypertension,0
20680,1860,2022-04-19,2022-04-26,7,Pediatrics,Fracture,0
20681,1863,2022-12-21,2022-12-23,2,Pediatrics,COVID-19,0
20682,1865,2022-10-18,2022-10-25,7,General Medicine,Fracture,0
20683,1865,2023-05-26,2023-05-29,3,Orthopedics,Fracture,0
20684,1866,2023-08-24,2023-08-26,2,Emergency,Appendicitis,0
20685,1869,2022-02-23,2022-03-02,7,Oncology,Pneumonia,1
20686,1869,2023-07-12,2023-07-15,3,Pediatrics,Fracture,0
20687,1870,2023-12-07,2023-12-11,4,Orthopedics,Pneumonia,0
20688,1873,2023-04-20,2023-04-21,1,Orthopedics,COVID-19,0
20689,1875,2022-04-12,2022-04-13,1,Orthopedics,Diabetes,0
20690,1876,2022-04-21,2022-04-25,4,General Medicine,Appendicitis,0
20691,1876,2022-07-30,2022-08-01,2,Cardiology,Fracture,0
20692,1877,2022-10-26,2022-10-28,2,Oncology,Chest Pain,0
20693,1878,2023-03-15,2023-03-17,2,Cardiology,COVID-19,0
20694,1878,2023-02-15,2023-02-25,10,Pediatrics,COVID-19,0
20695,1878,2022-10-02,2022-10-06,4,Cardiology,Pneumonia,0
20696,1880,2023-03-19,2023-03-20,1,Oncology,Chest Pain,0
20697,1880,2022-09-20,2022-09-24,4,Cardiology,COVID-19,0
20698,1882,2023-07-17,2023-07-27,10,Cardiology,Appendicitis,0
20699,1885,2023-09-22,2023-09-26,4,Oncology,COVID-19,0
20700,1885,2022-01-07,2022-01-10,3,Oncology,Pneumonia,0
20701,1886,2023-05-13,2023-05-17,4,Pediatrics,Diabetes,1
20702,1890,2022-12-14,2022-12-28,14,Emergency,Diabetes,0
20703,1894,2023-09-10,2023-09-14,4,Oncology,Hypertension,0
20704,1895,2022-11-16,2022-11-23,7,Oncology,Appendicitis,0
20705,1896,2023-10-12,2023-10-14,2,Pediatrics,Pneumonia,0
20706,1896,2022-11-02,2022-11-05,3,Cardiology,Diabetes,0
20707,1900,2023-12-31,2024-01-02,2,General Medicine,COVID-19,0
20708,1906,2023-06-28,2023-07-08,10,Emergency,Appendicitis,0
20709,1911,2022-10-31,2022-11-02,2,Cardiology,Hypertension,0
20710,1912,2022-10-05,2022-10-08,3,Cardiology,Fracture,0
20711,1913,2023-03-31,2023-04-04,4,Cardiology,Appendicitis,0
20712,1913,2023-08-22,2023-08-24,2,Orthopedics,COVID-19,0
20713,1914,2023-08-30,2023-09-13,14,General Medicine,Diabetes,0
20714,1914,2022-02-02,2022-02-03,1,Oncology,Fracture,0
20715,1915,2022-09-03,2022-09-04,1,Emergency,Pneumonia,0
20716,1919,2022-10-01,2022-10-05,4,General Medicine,Hypertension,0
20717,1924,2022-04-08,2022-04-13,5,Orthopedics,Hypertension,0
20718,1924,2022-06-21,2022-07-01,10,Orthopedics,Diabetes,0
20719,1928,2022-08-12,2022-08-14,2,Orthopedics,COVID-19,0
20720,1929,2023-02-20,2023-02-27,7,Oncology,Chest Pain,0
20721,1931,2022-05-03,2022-05-04,1,General Medicine,Chest Pain,0
20722,1931,2022-12-14,2022-12-16,2,Pediatrics,Appendicitis,0
20723,1933,2022-05-02,2022-05-03,1,General Medicine,Appendicitis,0
20724,1933,2023-08-20,2023-08-21,1,Oncology,Pneumonia,0
20725,1933,2022-01-16,2022-01-20,4,Pediatrics,Appendicitis,0
20726,1934,2022-01-15,2022-01-20,5,Orthopedics,Diabetes,0
20727,1934,2023-02-12,2023-02-15,3,General Medicine,COVID-19,0
20728,1936,2023-01-04,2023-01-05,1,Oncology,Appendicitis,0
20729,1939,2022-06-20,2022-06-24,4,General Medicine,Fracture,0
20730,1941,2023-10-20,2023-10-24,4,Orthopedics,Hypertension,0
20731,1944,2023-04-13,2023-04-17,4,Emergency,Appendicitis,0
20732,1945,2023-06-02,2023-06-07,5,Pediatrics,Pneumonia,0
20733,1950,2023-01-05,2023-01-07,2,Orthopedics,COVID-19,0
20734,1950,2022-04-24,2022-04-28,4,Pediatrics,Fracture,0
20735,1951,2023-06-22,2023-06-29,7,Pediatrics,COVID-19,0
20736,1955,2023-05-17,2023-05-18,1,Orthopedics,Pneumonia,0
20737,1957,2023-06-24,2023-07-01,7,Oncology,Fracture,0
20738,1959,2023-04-28,2023-05-01,3,Emergency,Hypertension,0
20739,1960,2023-10-24,2023-10-25,1,Oncology,Diabetes,0
20740,1964,2023-10-25,2023-10-27,2,Pediatrics,Chest Pain,0
20741,1964,2022-12-18,2022-12-20,2,Pediatrics,Appendicitis,0
20742,1964,2023-04-08,2023-04-09,1,Orthopedics,Diabetes,0
20743,1964,2023-04-11,2023-04-12,1,Emergency,Appendicitis,0
20744,1966,2022-12-13,2022-12-15,2,Pediatrics,Appendicitis,0
20745,1967,2022-04-22,2022-04-23,1,Cardiology,Diabetes,0
20746,1967,2023-10-22,2023-10-24,2,Orthopedics,Fracture,0
20747,1968,2023-06-21,2023-06-23,2,Cardiology,Appendicitis,0
20748,1969,2022-03-16,2022-03-20,4,Cardiology,Pneumonia,0
20749,1971,2022-05-26,2022-05-31,5,Pediatrics,Diabetes,0
20750,1974,2023-05-23,2023-05-24,1,Pediatrics,COVID-19,0
20751,1976,2022-07-01,2022-07-11,10,General Medicine,Appendicitis,0
20752,1976,2023-04-26,2023-04-28,2,Oncology,Diabetes,0
20753,1979,2023-09-26,2023-09-27,1,Cardiology,Diabetes,0
20754,1981,2022-10-01,2022-10-03,2,Emergency,Diabetes,0
20755,1981,2022-11-25,2022-11-29,4,Oncology,Fracture,0
20756,1982,2022-06-03,2022-06-13,10,Oncology,Pneumonia,0
20757,1984,2022-03-20,2022-03-24,4,Emergency,Appendicitis,0
20758,1985,2022-01-08,2022-01-12,4,Orthopedics,Diabetes,0
20759,1985,2023-06-05,2023-06-06,1,Orthopedics,Diabetes,0
20760,1985,2023-04-30,2023-05-01,1,Oncology,Chest Pain,0
20761,1986,2022-03-15,2022-03-25,10,Orthopedics,Appendicitis,0
20762,1987,2023-07-26,2023-07-28,2,General Medicine,Appendicitis,1
20763,1988,2022-06-28,2022-07-05,7,Cardiology,Hypertension,0
20764,1988,2023-03-10,2023-03-12,2,Orthopedics,Chest Pain,0
20765,1990,2022-04-16,2022-04-21,5,Pediatrics,Chest Pain,0
20766,1994,2023-04-12,2023-04-15,3,Pediatrics,Hypertension,0
20767,1995,2023-07-01,2023-07-08,7,Orthopedics,Fracture,0
20768,1995,2023-09-04,2023-09-06,2,General Medicine,Diabetes,0
20769,1995,2022-05-24,2022-05-27,3,Pediatrics,Fracture,0
20770,1998,2022-01-07,2022-01-14,7,Oncology,Chest Pain,0
20771,1998,2023-06-02,2023-06-06,4,Oncology,Fracture,0
20772,1999,2023-11-17,2023-11-21,4,General Medicine,Chest Pain,0
