patient_id,first_name,last_name,birth_date,gender,city,state
1001,Priya,Garcia,1993-03-31,M,New York,NY
1002,Emma,Gomez,1952-05-10,F,Chicago,IL
1003,Olivia,Lee,1964-10-04,M,Phoenix,AZ
1004,John,Singh,2009-01-26,M,Dallas,TX
1005,Maria,Johnson,1982-10-04,M,Dallas,TX
1006,Arjun,Patel,1980-11-23,M,Philadelphia,PA
1007,Ethan,Johnson,1967-02-26,F,New York,NY
1008,Ethan,Khan,1996-02-19,M,San Diego,CA
1009,Maria,Rao,1962-02-13,F,Dallas,TX
1010,Maya,Garcia,1989-06-28,M,Dallas,TX
1011,Asha,Chen,1981-02-10,F,Los Angeles,CA
1012,Arjun,Doe,1993-11-14,F,San Jose,CA
1013,Ethan,Lee,1972-10-14,M,San Antonio,TX
1014,Ethan,Wilson,1954-08-13,F,Los Angeles,CA
1015,John,Singh,1952-02-09,M,San Jose,CA
1016,Sophia,Smith,1956-08-30,F,San Jose,CA
1017,Emma,Khan,1964-07-17,M,Phoenix,AZ
1018,Alex,Brown,1963-10-31,F,Chicago,IL
1019,Arjun,Wilson,1967-07-31,F,Phoenix,AZ
1020,Priya,Lee,1998-02-06,F,Chicago,IL
1021,Maya,Garcia,2007-05-01,F,Los Angeles,CA
1022,Liam,Rao,2004-02-16,M,San Diego,CA
1023,Emma,Johnson,1967-07-07,F,San Antonio,TX
1024,Emma,Patel,1973-09-23,F,Chicago,IL
1025,Arjun,Chen,2001-11-11,F,Chicago,IL
1026,Noah,Singh,2000-06-18,F,Phoenix,AZ
1027,Noah,Doe,1957-07-10,F,San Jose,CA
1028,Zara,Nguyen,1950-07-09,M,San Jose,CA
1029,Olivia,Nguyen,2002-05-06,M,Los Angeles,CA
1030,Sophia,Brown,1958-03-25,M,Philadelphia,PA
1031,Noah,Singh,2007-08-12,F,Dallas,TX
1032,Ethan,Singh,1955-03-15,F,New York,NY
1033,Alex,Gomez,1953-06-21,F,Dallas,TX
1034,Noah,Gomez,1999-01-16,F,Philadelphia,PA
1035,Daniel,Lee,1981-03-13,M,New York,NY
1036,Asha,Johnson,1959-09-27,F,Dallas,TX
1037,Daniel,Nguyen,1960-08-26,F,Dallas,TX
1038,Olivia,Shah,1974-03-14,F,Phoenix,AZ
1039,Asha,Patel,1989-09-15,F,New York,NY
1040,Asha,Smith,2009-08-16,F,Chicago,IL
1041,Asha,Doe,1979-02-05,F,Chicago,IL
1042,Noah,Nguyen,1974-01-27,F,New York,NY
1043,Alex,Smith,1978-11-25,F,San Jose,CA
1044,Sophia,Brown,1978-01-27,M,San Jose,CA
1045,Daniel,Shah,1973-02-02,F,Houston,TX
1046,Sophia,Singh,1978-01-07,M,San Jose,CA
1047,Alex,Patel,1980-02-29,M,Phoenix,AZ
1048,Ethan,Brown,1957-02-25,M,Los Angeles,CA
1049,Maya,Nguyen,2009-11-17,F,Chicago,IL
1050,Maya,Wilson,1993-03-23,F,San Antonio,TX
1051,Liam,Garcia,1996-12-24,F,Los Angeles,CA
1052,Arjun,Khan,1983-06-03,M,Dallas,TX
1053,Daniel,Garcia,1972-07-10,F,New York,NY
1054,Sophia,Gomez,1989-10-24,F,New York,NY
1055,Sophia,Wilson,1958-08-19,F,Dallas,TX
1056,Priya,Doe,1954-05-05,M,Philadelphia,PA
1057,Ethan,Singh,1960-10-18,F,Houston,TX
1058,John,Lee,2003-04-10,F,Philadelphia,PA
1059,Zara,Wilson,1952-10-18,M,Houston,TX
1060,Olivia,Gomez,1981-11-27,M,Houston,TX
1061,Ethan,Doe,1979-08-02,F,San Antonio,TX
1062,Olivia,Brown,1986-09-26,F,San Antonio,TX
1063,Olivia,Singh,2005-05-19,M,New York,NY
1064,Priya,Garcia,1971-11-16,M,Phoenix,AZ
1065,Olivia,Rao,1976-07-15,M,Dallas,TX
1066,Alex,Chen,1985-07-26,F,San Diego,CA
1067,Olivia,Brown,1968-10-26,F,Los Angeles,CA
1068,John,Chen,1965-07-16,M,Houston,TX
1069,Sophia,Nguyen,1950-06-11,F,Dallas,TX
1070,Alex,Khan,1961-10-07,M,Chicago,IL
1071,Maria,Gomez,1952-09-22,F,San Jose,CA
1072,John,Garcia,1981-07-31,M,Chicago,IL
1073,Arjun,Nguyen,1970-11-21,M,San Antonio,TX
1074,Liam,Johnson,1952-10-13,F,San Antonio,TX
1075,Zara,Shah,1973-05-09,M,New York,NY
1076,Zara,Rao,1997-04-06,F,New York,NY
1077,Emma,Patel,1975-05-18,F,Chicago,IL
1078,Arjun,Gomez,2008-03-28,M,Houston,TX
1079,Alex,Lee,1983-05-13,M,San Jose,CA
1080,Daniel,Singh,2008-02-29,M,Chicago,IL
1081,Noah,Nguyen,1967-05-03,M,Phoenix,AZ
1082,Liam,Chen,1973-06-20,M,San Jose,CA
1083,Noah,Johnson,1969-09-26,M,Los Angeles,CA
1084,Arjun,Johnson,1964-06-12,M,Phoenix,AZ
1085,Sophia,Garcia,2000-07-03,F,San Antonio,TX
1086,Daniel,Patel,1995-01-13,F,Houston,TX
1087,Priya,Lee,1994-05-26,M,Houston,TX
1088,Maria,Johnson,1971-12-03,F,Phoenix,AZ
1089,John,Singh,1957-01-12,M,New York,NY
1090,Priya,Lee,2009-10-25,F,San Jose,CA
1091,Ethan,Wilson,1955-07-21,M,New York,NY
1092,Asha,Singh,1957-05-19,M,Chicago,IL
1093,Alex,Garcia,1992-03-23,F,New York,NY
1094,Ethan,Garcia,1964-05-25,F,Los Angeles,CA
1095,Emma,Khan,1968-06-11,M,Philadelphia,PA
1096,Asha,Nguyen,1951-01-27,F,Houston,TX
1097,Arjun,Shah,1988-04-17,M,New York,NY
1098,Sophia,Smith,1984-09-05,F,San Jose,CA
1099,Maya,Lee,1966-02-18,F,Houston,TX
1100,Daniel,Lee,1959-10-02,F,San Diego,CA
1101,John,Singh,1966-12-07,M,Los Angeles,CA
1102,Ethan,Smith,2003-05-06,F,San Diego,CA
1103,Sophia,Chen,1972-12-23,F,Phoenix,AZ
1104,John,Shah,1985-10-11,F,San Jose,CA
1105,Zara,Khan,1991-10-18,F,San Jose,CA
1106,Emma,Johnson,2003-05-11,F,San Diego,CA
1107,John,Brown,1956-09-20,M,Houston,TX
1108,Emma,Johnson,1982-05-30,F,Phoenix,AZ
1109,Ethan,Lee,1988-06-09,F,Philadelphia,PA
1110,Arjun,Johnson,2002-05-03,F,Philadelphia,PA
1111,Noah,Smith,1980-01-09,F,San Diego,CA
1112,Olivia,Chen,1976-09-23,F,Chicago,IL
1113,Liam,Chen,1963-11-05,M,New York,NY
1114,Maria,Garcia,1990-12-05,M,San Diego,CA
1115,Sophia,Chen,1972-03-16,F,Phoenix,AZ
1116,Emma,Shah,1987-09-17,M,Chicago,IL
1117,Maria,Wilson,2005-05-16,M,Los Angeles,CA
1118,Liam,Johnson,1997-09-03,M,San Antonio,TX
1119,Liam,Patel,1951-05-18,M,San Diego,CA
1120,Sophia,Wilson,1968-12-02,F,New York,NY
1121,Maria,Singh,1984-09-24,M,San Jose,CA
1122,Maya,Patel,2007-02-23,F,San Diego,CA
1123,Asha,Khan,1950-07-26,F,Dallas,TX
1124,Maria,Doe,2008-11-30,F,San Diego,CA
1125,Priya,Wilson,1998-12-03,F,Philadelphia,PA
1126,John,Patel,1993-08-17,F,Los Angeles,CA
1127,Ethan,Gomez,1997-03-22,M,New York,NY
1128,Zara,Smith,2002-07-01,M,Chicago,IL
1129,Ethan,Wilson,1973-12-21,M,San Jose,CA
1130,Asha,Rao,2008-11-12,F,New York,NY
1131,Zara,Singh,1983-11-27,M,Dallas,TX
1132,Daniel,Wilson,1999-09-02,F,Houston,TX
1133,Noah,Khan,1990-07-30,F,Philadelphia,PA
1134,Sophia,Smith,1970-09-27,M,Dallas,TX
1135,Emma,Patel,1967-06-15,M,Los Angeles,CA
1136,Ethan,Johnson,1954-08-06,M,Chicago,IL
1137,John,Gomez,2003-09-26,F,San Antonio,TX
1138,Alex,Lee,2007-07-21,M,San Jose,CA
1139,Sophia,Brown,1952-11-25,M,New York,NY
1140,Sophia,Gomez,1994-05-08,M,Phoenix,AZ
1141,John,Shah,1977-02-22,F,Philadelphia,PA
1142,Olivia,Shah,2003-07-03,M,Dallas,TX
1143,Asha,Wilson,1979-08-14,M,Phoenix,AZ
1144,Arjun,Garcia,1979-11-26,M,San Diego,CA
1145,Emma,Rao,1976-10-20,F,Dallas,TX
1146,Noah,Doe,1994-08-30,M,Dallas,TX
1147,Zara,Smith,1980-10-22,M,San Jose,CA
1148,Sophia,Garcia,1957-05-17,F,Chicago,IL
1149,Maya,Nguyen,1988-02-22,M,San Antonio,TX
1150,Maria,Nguyen,1959-12-07,F,San Jose,CA
1151,Asha,Lee,1994-03-28,F,Chicago,IL
1152,Ethan,Rao,1977-11-08,F,Phoenix,AZ
1153,Daniel,Garcia,2009-10-12,M,San Diego,CA
1154,Maya,Chen,1999-05-31,F,Dallas,TX
1155,John,Shah,1978-01-04,M,Chicago,IL
1156,Alex,Doe,1993-01-02,F,San Jose,CA
1157,Alex,Wilson,1981-06-21,M,Los Angeles,CA
1158,John,Shah,1953-07-30,F,New York,NY
1159,Alex,Johnson,1968-07-21,F,Phoenix,AZ
1160,Zara,Brown,1975-12-10,M,Chicago,IL
1161,Arjun,Shah,1970-08-10,F,San Antonio,TX
1162,Asha,Patel,1965-02-21,F,Phoenix,AZ
1163,Liam,Chen,2006-12-10,F,San Diego,CA
1164,Sophia,Brown,1960-04-06,M,San Diego,CA
1165,Sophia,Nguyen,1987-02-01,M,Dallas,TX
1166,Maria,Johnson,1951-10-26,F,Houston,TX
1167,Maria,Johnson,1955-06-22,F,Philadelphia,PA
1168,Maria,Lee,1971-11-21,M,Phoenix,AZ
1169,Ethan,Khan,1998-12-14,M,Phoenix,AZ
1170,Daniel,Singh,1959-01-18,F,Houston,TX
1171,Arjun,Khan,2005-02-28,F,San Diego,CA
1172,Zara,Chen,2009-03-08,M,Los Angeles,CA
1173,Ethan,Patel,1999-12-07,M,Houston,TX
1174,Sophia,Khan,1987-10-22,M,Houston,TX
1175,Ethan,Smith,1968-01-12,F,Dallas,TX
1176,Zara,Shah,1998-05-24,F,San Antonio,TX
1177,Maya,Shah,2004-08-30,F,Phoenix,AZ
1178,Ethan,Johnson,1981-11-23,F,Phoenix,AZ
1179,Maria,Singh,1954-06-25,M,Phoenix,AZ
1180,Zara,Johnson,2004-12-23,M,San Antonio,TX
1181,John,Rao,1996-10-08,F,Los Angeles,CA
1182,John,Patel,1962-12-21,F,Houston,TX
1183,Priya,Khan,1989-11-07,F,Houston,TX
1184,Maya,Singh,1987-12-30,M,San Antonio,TX
1185,Arjun,Nguyen,1952-05-04,M,San Antonio,TX
1186,Priya,Doe,1966-01-12,M,San Antonio,TX
1187,Alex,Patel,1970-03-29,M,San Jose,CA
1188,Zara,Garcia,1988-03-11,M,Philadelphia,PA
1189,Arjun,Gomez,2009-03-25,F,San Diego,CA
1190,Daniel,Garcia,2009-01-07,M,San Antonio,TX
1191,Daniel,Patel,1999-07-14,F,New York,NY
1192,Zara,Brown,1965-11-09,M,San Jose,CA
1193,Zara,Singh,1963-07-03,F,San Antonio,TX
1194,Priya,Patel,2004-06-20,M,San Diego,CA
1195,Sophia,Shah,1950-07-22,F,Los Angeles,CA
1196,Emma,Singh,1981-05-05,F,San Antonio,TX
1197,Daniel,Brown,2006-05-29,F,New York,NY
1198,Zara,Lee,1984-09-27,M,Chicago,IL
1199,Priya,Patel,1962-01-07,F,Philadelphia,PA
1200,Maya,Singh,1956-05-16,M,Chicago,IL
1201,Olivia,Rao,1971-12-01,M,New York,NY
1202,Liam,Lee,2002-11-19,M,San Antonio,TX
1203,Daniel,Doe,1971-04-18,F,San Jose,CA
1204,Sophia,Brown,1950-07-17,M,Chicago,IL
1205,Noah,Doe,1955-04-15,F,Philadelphia,PA
1206,Maria,Johnson,1982-03-28,M,Los Angeles,CA
1207,Liam,Singh,1991-04-23,M,San Antonio,TX
1208,John,Khan,1975-07-28,F,Dallas,TX
1209,Arjun,Garcia,2006-08-01,F,Chicago,IL
1210,John,Garcia,1981-09-24,M,Dallas,TX
1211,Alex,Garcia,2001-09-25,M,Los Angeles,CA
1212,Sophia,Chen,1993-01-03,M,Houston,TX
1213,Maya,Lee,1996-08-30,F,Phoenix,AZ
1214,Emma,Doe,1957-09-12,F,San Jose,CA
1215,Asha,Johnson,1988-12-30,M,Dallas,TX
1216,Maria,Wilson,1967-12-04,F,Los Angeles,CA
1217,Arjun,Johnson,1955-06-10,M,Dallas,TX
1218,Liam,Garcia,1972-10-30,F,Dallas,TX
1219,Daniel,Doe,1981-03-30,F,New York,NY
1220,Zara,Nguyen,1957-12-21,M,Chicago,IL
1221,Ethan,Patel,1954-10-01,F,Dallas,TX
1222,Emma,Nguyen,1999-11-27,M,Houston,TX
1223,Olivia,Patel,1973-10-07,M,Chicago,IL
1224,Priya,Smith,2003-01-03,F,San Antonio,TX
1225,Ethan,Khan,2000-03-22,F,Phoenix,AZ
1226,Olivia,Nguyen,1965-10-08,F,Philadelphia,PA
1227,Sophia,Shah,1956-07-13,M,Houston,TX
1228,Liam,Chen,1980-06-03,M,New York,NY
1229,Ethan,Doe,1962-12-20,M,San Diego,CA
1230,Liam,Garcia,1954-12-08,F,Dallas,TX
1231,Olivia,Nguyen,1972-04-30,F,Los Angeles,CA
1232,Asha,Doe,1972-03-26,M,Houston,TX
1233,Liam,Khan,1968-02-12,M,Los Angeles,CA
1234,Alex,Garcia,1989-01-13,M,Houston,TX
1235,Alex,Garcia,1989-08-30,F,San Diego,CA
1236,Zara,Khan,2005-12-23,M,Chicago,IL
1237,Alex,Brown,1995-07-30,F,San Diego,CA
1238,Asha,Shah,1988-07-15,F,Phoenix,AZ
1239,Emma,Chen,1975-03-19,F,Houston,TX
1240,Zara,Shah,1994-10-28,F,Los Angeles,CA
1241,Zara,Johnson,1982-05-28,M,San Jose,CA
1242,Zara,Wilson,1986-01-20,M,Los Angeles,CA
1243,Zara,Khan,1955-08-12,M,San Antonio,TX
1244,Asha,Shah,1964-11-06,F,San Jose,CA
1245,Ethan,Shah,1989-12-11,M,San Antonio,TX
1246,Sophia,Doe,2007-04-24,M,New York,NY
1247,Daniel,Doe,2003-05-15,F,Chicago,IL
1248,Maria,Wilson,1969-08-07,M,San Jose,CA
1249,Ethan,Lee,1978-01-22,M,Phoenix,AZ
1250,Emma,Lee,1970-04-06,M,Houston,TX
1251,Liam,Nguyen,2003-07-16,M,Philadelphia,PA
1252,Asha,Smith,1977-01-13,M,Dallas,TX
1253,Zara,Lee,1991-06-26,M,Phoenix,AZ
1254,Asha,Rao,2001-01-12,F,San Antonio,TX
1255,Liam,Johnson,1953-02-28,F,Dallas,TX
1256,Asha,Singh,1962-04-27,M,Houston,TX
1257,Sophia,Singh,1967-03-28,M,Phoenix,AZ
1258,Daniel,Gomez,1983-05-11,M,Phoenix,AZ
1259,Asha,Smith,1985-04-01,F,San Antonio,TX
1260,Sophia,Patel,1999-05-16,F,San Antonio,TX
1261,Zara,Chen,1965-03-02,F,San Antonio,TX
1262,Alex,Smith,1976-05-21,F,Dallas,TX
1263,Daniel,Johnson,2006-05-10,M,Chicago,IL
1264,Liam,Gomez,1992-09-03,M,San Jose,CA
1265,Priya,Rao,1957-01-01,M,New York,NY
1266,Sophia,Chen,1965-04-24,M,Philadelphia,PA
1267,Ethan,Patel,1995-02-16,F,Dallas,TX
1268,Priya,Nguyen,1956-01-10,F,San Antonio,TX
1269,Liam,Gomez,1988-10-20,M,Dallas,TX
1270,Arjun,Gomez,1958-02-09,M,Philadelphia,PA
1271,Priya,Lee,1988-11-24,M,New York,NY
1272,Liam,Doe,2008-06-22,M,Houston,TX
1273,Sophia,Doe,2006-12-30,F,San Diego,CA
1274,Alex,Shah,1982-10-09,F,Houston,TX
1275,Sophia,Johnson,1957-11-09,M,Dallas,TX
1276,Ethan,Wilson,1997-06-23,M,San Diego,CA
1277,Alex,Gomez,1988-04-23,F,Los Angeles,CA
1278,Alex,Nguyen,1965-08-09,M,Chicago,IL
1279,Liam,Nguyen,2007-02-28,M,Los Angeles,CA
1280,Sophia,Garcia,2008-04-21,M,San Antonio,TX
1281,Olivia,Garcia,1960-12-01,M,Phoenix,AZ
1282,Asha,Wilson,1986-10-25,F,San Antonio,TX
1283,Alex,Nguyen,1953-05-03,F,Phoenix,AZ
1284,Priya,Brown,2007-03-03,M,San Jose,CA
1285,Ethan,Rao,1962-12-19,F,Philadelphia,PA
1286,Sophia,Chen,1980-12-05,F,Philadelphia,PA
1287,Daniel,Garcia,1962-06-22,M,San Antonio,TX
1288,Noah,Gomez,1975-01-16,M,Dallas,TX
1289,Noah,Singh,1972-01-16,M,Philadelphia,PA
1290,Emma,Doe,1984-12-05,M,Dallas,TX
1291,Olivia,Shah,2004-04-17,M,Los Angeles,CA
1292,Zara,Doe,1997-09-20,M,Chicago,IL
1293,Zara,Johnson,1968-11-15,M,New York,NY
1294,Noah,Chen,1999-06-30,M,Los Angeles,CA
1295,Ethan,Smith,1989-05-09,M,San Jose,CA
1296,John,Garcia,1989-11-17,M,New York,NY
1297,John,Shah,1959-05-30,M,Los Angeles,CA
1298,Liam,Gomez,1973-12-20,F,San Diego,CA
1299,Liam,Patel,1979-03-27,F,Philadelphia,PA
1300,Maya,Patel,1966-02-21,M,San Jose,CA
1301,Ethan,Lee,2004-01-16,F,Dallas,TX
1302,Emma,Johnson,1995-06-23,F,Philadelphia,PA
1303,Maria,Shah,1992-10-23,F,Los Angeles,CA
1304,Daniel,Wilson,2008-04-03,F,Philadelphia,PA
1305,Olivia,Singh,1969-03-24,F,Phoenix,AZ
1306,John,Patel,1975-01-21,M,San Diego,CA
1307,Priya,Wilson,1965-05-02,M,Chicago,IL
1308,John,Johnson,1971-11-23,F,Dallas,TX
1309,Sophia,Johnson,1974-08-30,M,Los Angeles,CA
1310,Asha,Nguyen,1985-06-12,F,Philadelphia,PA
1311,Sophia,Chen,1962-09-17,F,San Jose,CA
1312,Ethan,Patel,1980-12-21,M,Chicago,IL
1313,Zara,Garcia,1971-01-10,F,New York,NY
1314,Priya,Chen,1972-06-22,F,Dallas,TX
1315,Emma,Shah,2000-11-23,F,Philadelphia,PA
1316,John,Gomez,1979-05-05,M,Chicago,IL
1317,Ethan,Johnson,1997-10-14,F,Chicago,IL
1318,Ethan,Brown,1959-06-07,F,Houston,TX
1319,John,Singh,1979-06-15,M,San Jose,CA
1320,Liam,Rao,1989-07-09,M,San Jose,CA
1321,Priya,Patel,1952-11-26,F,Phoenix,AZ
1322,Noah,Patel,2001-03-25,M,San Antonio,TX
1323,Olivia,Garcia,1959-05-14,F,Houston,TX
1324,Maria,Doe,1950-10-29,M,San Antonio,TX
1325,Olivia,Lee,1984-02-20,M,Los Angeles,CA
1326,Maria,Shah,1996-07-08,M,Houston,TX
1327,Liam,Singh,2003-07-16,M,San Jose,CA
1328,Maya,Khan,1951-12-01,M,New York,NY
1329,John,Johnson,2008-10-15,M,Philadelphia,PA
1330,Arjun,Chen,1950-07-10,M,San Antonio,TX
1331,Alex,Garcia,1978-09-23,F,Los Angeles,CA
1332,Maya,Singh,1997-07-17,M,Dallas,TX
1333,Asha,Brown,1958-02-23,M,Dallas,TX
1334,Alex,Johnson,1966-09-16,M,New York,NY
1335,Zara,Singh,1998-02-06,F,Philadelphia,PA
1336,Maria,Nguyen,2003-12-20,F,Los Angeles,CA
1337,Arjun,Smith,2004-02-25,M,Los Angeles,CA
1338,Olivia,Khan,1954-12-22,F,San Antonio,TX
1339,Ethan,Brown,1951-07-24,M,Phoenix,AZ
1340,Sophia,Singh,1964-11-25,F,San Antonio,TX
1341,Asha,Rao,1955-03-11,F,San Jose,CA
1342,Arjun,Gomez,2002-05-05,M,Dallas,TX
1343,Liam,Johnson,1960-07-30,F,New York,NY
1344,Priya,Lee,1985-05-10,M,San Jose,CA
1345,Priya,Shah,1970-05-31,M,Phoenix,AZ
1346,Maria,Brown,1960-12-28,M,San Antonio,TX
1347,Arjun,Gomez,1980-05-16,M,San Diego,CA
1348,Ethan,Lee,1999-06-23,M,New York,NY
1349,Maria,Gomez,1958-03-29,M,Phoenix,AZ
1350,John,Brown,1995-04-13,M,Phoenix,AZ
1351,Maria,Nguyen,1979-05-18,M,Houston,TX
1352,Olivia,Khan,1953-11-10,M,San Jose,CA
1353,Sophia,Garcia,1983-07-16,F,San Antonio,TX
1354,Sophia,Wilson,1952-02-24,F,San Antonio,TX
1355,Arjun,Khan,1972-03-02,F,San Jose,CA
1356,Emma,Khan,1970-09-13,F,San Diego,CA
1357,Maya,Garcia,1984-04-25,M,New York,NY
1358,Olivia,Singh,1970-02-08,F,Dallas,TX
1359,Arjun,Doe,1969-09-24,F,San Antonio,TX
1360,Sophia,Garcia,1965-11-19,F,San Diego,CA
1361,John,Chen,2002-07-17,M,Chicago,IL
1362,Asha,Patel,1996-04-30,M,San Jose,CA
1363,Arjun,Doe,1966-05-23,M,San Diego,CA
1364,John,Patel,1999-11-25,F,New York,NY
1365,Emma,Smith,1979-02-25,F,Phoenix,AZ
1366,Maya,Chen,1973-11-12,M,Phoenix,AZ
1367,Noah,Gomez,2002-12-08,F,Houston,TX
1368,Daniel,Gomez,1983-09-28,F,Dallas,TX
1369,Sophia,Patel,1963-02-02,M,Phoenix,AZ
1370,Ethan,Singh,1956-06-26,M,Philadelphia,PA
1371,Sophia,Nguyen,1982-12-18,F,Houston,TX
1372,Sophia,Wilson,1968-03-22,M,San Diego,CA
1373,Alex,Wilson,1972-05-18,M,New York,NY
1374,Noah,Singh,1962-04-23,F,San Antonio,TX
1375,Sophia,Shah,1979-10-29,M,San Diego,CA
1376,Liam,Patel,1986-09-12,M,Los Angeles,CA
1377,Asha,Brown,1985-12-04,F,Philadelphia,PA
1378,Liam,Singh,1980-01-10,F,Chicago,IL
1379,Zara,Khan,1952-05-03,F,Chicago,IL
1380,Arjun,Rao,2006-03-18,F,New York,NY
1381,Liam,Smith,2005-03-06,F,New York,NY
1382,Ethan,Shah,1996-06-06,M,Chicago,IL
1383,Asha,Rao,1998-01-01,F,Philadelphia,PA
1384,Emma,Lee,1977-02-15,M,San Jose,CA
1385,Liam,Shah,1963-01-30,M,San Jose,CA
1386,Asha,Garcia,2005-05-30,M,Phoenix,AZ
1387,Arjun,Smith,1991-12-30,F,Los Angeles,CA
1388,Asha,Chen,1956-10-27,M,San Jose,CA
1389,Liam,Patel,1991-12-20,F,New York,NY
1390,Daniel,Gomez,1989-12-21,M,Chicago,IL
1391,Daniel,Patel,2003-05-31,M,San Diego,CA
1392,Olivia,Chen,1958-05-10,F,New York,NY
1393,Asha,Rao,1993-10-01,M,San Jose,CA
1394,Emma,Brown,1994-11-14,M,Houston,TX
1395,Asha,Patel,2009-02-26,M,San Diego,CA
1396,Zara,Garcia,2009-05-30,M,Philadelphia,PA
1397,Olivia,Khan,2008-03-10,F,New York,NY
1398,Alex,Smith,1952-05-26,M,San Jose,CA
1399,Ethan,Nguyen,1961-05-05,M,San Jose,CA
1400,Arjun,Smith,1991-08-16,F,San Jose,CA
1401,Emma,Singh,1969-01-27,M,Dallas,TX
1402,Zara,Patel,1969-05-20,F,Dallas,TX
1403,Maya,Khan,1971-11-14,F,San Diego,CA
1404,Maya,Wilson,1968-08-13,M,San Diego,CA
1405,Liam,Rao,1962-03-24,F,Dallas,TX
1406,Daniel,Khan,1996-08-06,F,Los Angeles,CA
1407,Ethan,Johnson,1986-09-26,M,Houston,TX
1408,John,Chen,1999-06-30,F,Philadelphia,PA
1409,Emma,Rao,2007-11-14,F,Phoenix,AZ
1410,Maya,Rao,1972-10-03,F,New York,NY
1411,Olivia,Lee,1997-02-17,M,Houston,TX
1412,John,Patel,1988-08-07,F,San Antonio,TX
1413,Liam,Wilson,1964-03-05,M,San Jose,CA
1414,Olivia,Shah,1989-01-18,M,Dallas,TX
1415,Emma,Garcia,1972-09-30,F,San Diego,CA
1416,Zara,Wilson,1966-04-16,F,Dallas,TX
1417,Sophia,Smith,2002-08-18,M,Dallas,TX
1418,Daniel,Nguyen,1953-02-24,M,New York,NY
1419,Arjun,Rao,1955-04-16,F,Phoenix,AZ
1420,Maya,Smith,1975-03-15,F,Philadelphia,PA
1421,Alex,Smith,1999-06-01,M,Chicago,IL
1422,Zara,Gomez,1952-12-17,M,San Diego,CA
1423,Maria,Johnson,1996-04-05,F,Philadelphia,PA
1424,Liam,Wilson,1986-09-16,F,Los Angeles,CA
1425,Zara,Wilson,1971-05-16,M,San Jose,CA
1426,Asha,Singh,1964-05-04,M,Phoenix,AZ
1427,Noah,Gomez,1996-05-22,M,Phoenix,AZ
1428,Daniel,Nguyen,2004-11-29,M,San Diego,CA
1429,Emma,Khan,1984-12-23,M,Los Angeles,CA
1430,Sophia,Khan,1994-06-23,M,Los Angeles,CA
1431,Asha,Lee,1986-02-05,F,San Jose,CA
1432,Maria,Johnson,1959-02-26,M,Houston,TX
1433,Asha,Johnson,1986-12-18,F,Philadelphia,PA
1434,Zara,Rao,2006-01-01,M,Phoenix,AZ
1435,Daniel,Johnson,1976-06-15,M,Houston,TX
1436,Alex,Garcia,1996-06-12,M,San Jose,CA
1437,Priya,Patel,1991-05-31,F,Chicago,IL
1438,Zara,Brown,1972-04-05,M,Houston,TX
1439,Ethan,Lee,2003-06-23,F,Chicago,IL
1440,Alex,Johnson,2006-06-29,F,San Diego,CA
1441,John,Doe,1954-08-07,F,San Jose,CA
1442,Alex,Brown,1959-08-08,F,Chicago,IL
1443,Maria,Johnson,1986-05-16,M,San Antonio,TX
1444,Priya,Gomez,1969-11-10,M,New York,NY
1445,Asha,Smith,2002-05-16,F,Philadelphia,PA
1446,John,Garcia,1975-11-01,M,New York,NY
1447,Maya,Khan,2009-01-23,F,San Diego,CA
1448,Noah,Johnson,1980-12-19,M,San Diego,CA
1449,Ethan,Brown,1986-05-28,F,Houston,TX
1450,Alex,Rao,2000-09-20,F,San Jose,CA
1451,Asha,Johnson,1986-04-07,M,Dallas,TX
1452,Arjun,Garcia,1980-07-13,F,New York,NY
1453,Asha,Doe,1978-08-19,M,Chicago,IL
1454,Emma,Johnson,1956-10-15,F,Phoenix,AZ
1455,Asha,Brown,1962-03-11,M,Phoenix,AZ
1456,Olivia,Doe,1966-02-07,M,Los Angeles,CA
1457,Sophia,Shah,1988-07-09,F,Dallas,TX
1458,Emma,Lee,1957-10-20,F,San Jose,CA
1459,Priya,Singh,1970-03-27,F,Los Angeles,CA
1460,Olivia,Rao,1982-08-23,F,Philadelphia,PA
1461,Maya,Lee,1956-10-25,M,Los Angeles,CA
1462,Noah,Brown,1976-11-23,F,San Jose,CA
1463,Sophia,Singh,1975-03-18,M,Chicago,IL
1464,Priya,Shah,1976-02-14,M,Phoenix,AZ
1465,Alex,Johnson,1994-10-21,M,San Antonio,TX
1466,Olivia,Wilson,1962-08-17,F,San Jose,CA
1467,Sophia,Brown,2002-08-19,F,San Jose,CA
1468,Arjun,Brown,1966-02-04,F,Dallas,TX
1469,Emma,Doe,1994-10-04,M,Houston,TX
1470,Alex,Rao,1952-05-01,F,Dallas,TX
1471,Liam,Shah,1999-06-24,F,Dallas,TX
1472,Ethan,Patel,1968-09-16,M,Los Angeles,CA
1473,Maya,Singh,1982-09-08,F,Los Angeles,CA
1474,Daniel,Shah,1956-08-24,F,New York,NY
1475,Daniel,Gomez,1960-12-14,M,New York,NY
1476,Olivia,Doe,1963-11-01,M,San Diego,CA
1477,Zara,Lee,1957-07-01,M,Houston,TX
1478,Maya,Shah,1964-10-01,M,Philadelphia,PA
1479,Alex,Johnson,1971-11-29,M,San Antonio,TX
1480,Olivia,Johnson,1965-02-27,M,Phoenix,AZ
1481,Emma,Rao,1986-11-27,M,Dallas,TX
1482,Emma,Lee,1960-09-18,M,San Antonio,TX
1483,Priya,Chen,1997-10-11,M,Dallas,TX
1484,Sophia,Garcia,2006-11-07,F,Philadelphia,PA
1485,Asha,Johnson,1979-02-14,M,Philadelphia,PA
1486,Ethan,Lee,2006-02-07,M,Phoenix,AZ
1487,Liam,Doe,1965-09-05,F,San Antonio,TX
1488,Olivia,Smith,1959-03-28,F,San Jose,CA
1489,Arjun,Singh,1983-04-19,M,Philadelphia,PA
1490,Sophia,Brown,1955-09-14,F,San Antonio,TX
1491,Maya,Chen,1994-07-30,F,San Jose,CA
1492,Alex,Brown,1991-11-27,F,Los Angeles,CA
1493,Noah,Johnson,1976-11-17,M,San Diego,CA
1494,Arjun,Garcia,1980-10-31,F,Chicago,IL
1495,John,Singh,1951-02-22,M,Houston,TX
1496,Emma,Patel,1974-02-12,M,Houston,TX
1497,Zara,Johnson,2005-09-27,F,Dallas,TX
1498,Maya,Shah,1958-12-12,F,San Jose,CA
1499,Arjun,Nguyen,1997-02-12,M,San Jose,CA
1500,Ethan,Singh,1965-09-24,M,San Antonio,TX
1501,Zara,Johnson,1981-01-16,M,Philadelphia,PA
1502,Emma,Chen,1951-02-17,M,San Diego,CA
1503,Liam,Gomez,1970-08-27,M,San Jose,CA
1504,Zara,Garcia,1970-10-10,M,Chicago,IL
1505,Alex,Shah,1951-12-30,F,San Antonio,TX
1506,Emma,Johnson,1981-12-01,F,Los Angeles,CA
1507,Olivia,Singh,1966-05-25,M,Chicago,IL
1508,Noah,Gomez,2001-09-18,F,Houston,TX
1509,John,Brown,1958-02-15,M,Phoenix,AZ
1510,Daniel,Lee,1989-10-10,M,San Antonio,TX
1511,Arjun,Chen,2002-06-27,F,Chicago,IL
1512,Alex,Shah,1993-12-09,F,Chicago,IL
1513,Priya,Johnson,1997-12-06,F,Phoenix,AZ
1514,Maria,Gomez,2006-01-10,F,San Antonio,TX
1515,Liam,Doe,1999-02-28,M,New York,NY
1516,Alex,Nguyen,1963-11-22,M,Philadelphia,PA
1517,Ethan,Nguyen,1963-12-23,M,New York,NY
1518,Asha,Brown,1955-11-14,F,San Diego,CA
1519,Asha,Shah,1970-02-22,F,Chicago,IL
1520,Asha,Khan,1982-12-22,F,Philadelphia,PA
1521,Emma,Patel,1959-06-03,M,Dallas,TX
1522,Ethan,Chen,2005-03-03,F,San Jose,CA
1523,Arjun,Shah,1965-06-15,M,Houston,TX
1524,Priya,Chen,1978-10-19,M,Phoenix,AZ
1525,Zara,Lee,1989-11-04,M,San Diego,CA
1526,Noah,Johnson,1957-12-24,M,New York,NY
1527,John,Doe,2008-06-17,M,Philadelphia,PA
1528,Asha,Smith,1987-03-12,M,New York,NY
1529,Alex,Singh,1983-04-02,F,San Antonio,TX
1530,Asha,Rao,1989-06-02,F,San Antonio,TX
1531,Asha,Lee,1974-01-22,F,San Diego,CA
1532,Arjun,Smith,1988-11-08,M,Houston,TX
1533,Ethan,Patel,1951-12-30,M,Houston,TX
1534,Zara,Nguyen,1998-08-06,M,San Diego,CA
1535,Liam,Khan,2007-02-27,M,Los Angeles,CA
1536,Emma,Wilson,1951-11-30,M,San Antonio,TX
1537,Liam,Lee,1969-09-04,F,Philadelphia,PA
1538,John,Doe,1989-09-25,M,San Diego,CA
1539,Olivia,Nguyen,1988-02-14,F,San Antonio,TX
1540,Arjun,Gomez,1995-12-10,F,Chicago,IL
1541,Noah,Nguyen,1970-04-06,F,San Jose,CA
1542,Daniel,Brown,1961-06-03,M,Houston,TX
1543,Noah,Doe,1961-12-09,M,Dallas,TX
1544,Arjun,Gomez,1956-11-07,F,Dallas,TX
1545,Arjun,Patel,1996-10-27,F,Chicago,IL
1546,Zara,Gomez,2002-06-23,M,New York,NY
1547,Ethan,Singh,2008-05-26,F,New York,NY
1548,Zara,Doe,1965-01-08,M,Houston,TX
1549,Alex,Doe,1972-10-27,F,Chicago,IL
1550,Daniel,Nguyen,2008-06-29,F,Chicago,IL
1551,Emma,Nguyen,1962-04-19,F,Houston,TX
1552,Daniel,Smith,1980-06-22,M,Houston,TX
1553,Priya,Shah,1970-12-13,M,Los Angeles,CA
1554,Alex,Nguyen,2004-10-24,M,San Diego,CA
1555,Zara,Wilson,1953-03-13,M,New York,NY
1556,Liam,Rao,1952-11-28,F,Phoenix,AZ
1557,Alex,Patel,2000-10-05,M,Phoenix,AZ
1558,John,Singh,2008-12-27,F,New York,NY
1559,Priya,Brown,2009-05-20,F,San Antonio,TX
1560,Maya,Singh,1980-08-05,F,Los Angeles,CA
1561,Alex,Brown,1962-12-13,F,New York,NY
1562,Noah,Smith,1975-08-06,M,Dallas,TX
1563,Liam,Brown,1964-08-09,F,New York,NY
1564,Sophia,Smith,1974-06-08,F,New York,NY
1565,Zara,Chen,1961-11-09,F,Dallas,TX
1566,Liam,Johnson,1968-08-15,F,Philadelphia,PA
1567,Maya,Chen,1963-04-09,F,Chicago,IL
1568,Arjun,Smith,1968-06-06,M,Los Angeles,CA
1569,Emma,Brown,1992-01-29,M,San Jose,CA
1570,Maria,Singh,1997-06-20,M,Phoenix,AZ
1571,Ethan,Garcia,1956-12-14,M,Dallas,TX
1572,Liam,Wilson,1969-04-27,F,Philadelphia,PA
1573,Arjun,Nguyen,1981-07-13,M,Phoenix,AZ
1574,Olivia,Nguyen,1981-06-20,M,San Antonio,TX
1575,Arjun,Johnson,1954-03-23,F,Houston,TX
1576,Alex,Nguyen,2009-05-08,F,Los Angeles,CA
1577,Emma,Patel,1988-03-26,M,New York,NY
1578,Olivia,Johnson,1998-02-13,F,Chicago,IL
1579,Emma,Johnson,1967-04-15,F,Phoenix,AZ
1580,Zara,Brown,2002-03-14,F,San Antonio,TX
1581,Maria,Smith,1999-01-28,M,San Antonio,TX
1582,Sophia,Khan,1987-10-21,F,Houston,TX
1583,Alex,Singh,1976-03-25,M,Phoenix,AZ
1584,Arjun,Rao,1998-08-06,M,Phoenix,AZ
1585,Emma,Rao,1973-10-18,M,Dallas,TX
1586,Priya,Rao,1970-07-09,M,Dallas,TX
1587,Sophia,Gomez,1961-10-22,M,San Jose,CA
1588,Noah,Nguyen,1953-08-17,F,Dallas,TX
1589,Priya,Gomez,1958-08-08,M,Dallas,TX
1590,Emma,Brown,2004-05-27,F,San Antonio,TX
1591,Emma,Singh,1954-12-16,M,New York,NY
1592,Sophia,Smith,1968-01-15,M,Philadelphia,PA
1593,Asha,Smith,2002-11-11,M,Los Angeles,CA
1594,Zara,Nguyen,1964-07-07,F,New York,NY
1595,Maya,Rao,2006-04-27,F,Chicago,IL
1596,Daniel,Smith,1992-05-25,F,New York,NY
1597,Daniel,Singh,1982-01-27,F,Los Angeles,CA
1598,John,Doe,2006-07-18,M,San Diego,CA
1599,Liam,Johnson,1963-01-01,F,Dallas,TX
1600,Maria,Lee,2008-02-19,M,San Diego,CA
1601,Olivia,Shah,1975-11-01,F,Philadelphia,PA
1602,John,Rao,1960-02-27,F,Los Angeles,CA
1603,Daniel,Wilson,1985-11-29,M,Chicago,IL
1604,Sophia,Smith,1976-03-21,M,Phoenix,AZ
1605,Sophia,Patel,1977-10-16,M,San Diego,CA
1606,Emma,Khan,2003-04-09,M,Dallas,TX
1607,Asha,Lee,1967-11-18,F,Houston,TX
1608,Asha,Wilson,1977-11-23,M,New York,NY
1609,Daniel,Nguyen,1990-03-15,F,San Antonio,TX
1610,Maria,Patel,1951-05-20,M,Los Angeles,CA
1611,Arjun,Shah,1953-04-29,F,Dallas,TX
1612,John,Khan,1954-03-12,M,San Diego,CA
1613,Asha,Brown,1952-04-03,F,Los Angeles,CA
1614,John,Rao,1997-05-26,F,Phoenix,AZ
1615,Zara,Chen,1963-10-09,M,Chicago,IL
1616,Liam,Chen,1986-10-07,M,Dallas,TX
1617,Maya,Brown,1995-03-23,F,Chicago,IL
1618,Asha,Garcia,1955-10-07,F,San Jose,CA
1619,John,Patel,1959-12-07,M,New York,NY
1620,John,Chen,1985-07-08,M,Dallas,TX
1621,Olivia,Nguyen,1955-01-27,F,Houston,TX
1622,John,Lee,1963-06-12,F,Dallas,TX
1623,John,Khan,2006-04-16,M,Dallas,TX
1624,Noah,Doe,1980-02-16,M,New York,NY
1625,Olivia,Doe,2009-07-02,M,San Diego,CA
1626,Noah,Khan,1987-11-26,M,New York,NY
1627,Noah,Chen,1982-01-17,F,Chicago,IL
1628,Olivia,Shah,1993-02-25,M,Philadelphia,PA
1629,Sophia,Gomez,1966-12-13,F,San Antonio,TX
1630,Liam,Patel,1998-04-19,F,Chicago,IL
1631,Alex,Johnson,2004-02-07,F,Chicago,IL
1632,Sophia,Rao,1965-06-16,M,Chicago,IL
1633,Zara,Smith,2004-05-27,F,Philadelphia,PA
1634,Zara,Smith,2004-09-02,M,New York,NY
1635,Maya,Brown,1976-04-02,M,San Diego,CA
1636,Olivia,Johnson,1982-05-22,M,San Diego,CA
1637,Priya,Brown,1972-01-19,M,San Diego,CA
1638,Noah,Nguyen,1959-02-13,F,New York,NY
1639,Arjun,Shah,2002-04-05,F,Los Angeles,CA
1640,Olivia,Garcia,1973-09-19,M,Phoenix,AZ
1641,Alex,Chen,1969-06-24,M,Dallas,TX
1642,Asha,Shah,1986-06-24,F,Dallas,TX
1643,Arjun,Wilson,1953-09-15,F,Los Angeles,CA
1644,Priya,Brown,1980-01-19,M,Phoenix,AZ
1645,Olivia,Chen,1980-03-07,M,New York,NY
1646,Emma,Smith,2008-09-20,F,Philadelphia,PA
1647,Asha,Patel,1951-10-30,F,San Diego,CA
1648,John,Nguyen,2007-02-03,M,San Jose,CA
1649,Alex,Lee,1975-07-26,M,Chicago,IL
1650,Maya,Garcia,1987-05-26,M,New York,NY
1651,Alex,Patel,1960-03-08,M,Dallas,TX
1652,Noah,Wilson,2002-05-17,M,Phoenix,AZ
1653,Arjun,Rao,1970-06-28,F,Chicago,IL
1654,John,Brown,1951-06-24,F,San Diego,CA
1655,Noah,Brown,1963-08-05,F,Phoenix,AZ
1656,Maria,Shah,1963-03-29,F,San Antonio,TX
1657,Asha,Johnson,2005-03-12,F,San Antonio,TX
1658,Olivia,Nguyen,1966-07-18,F,Los Angeles,CA
1659,Asha,Wilson,1990-08-16,F,San Jose,CA
1660,Liam,Smith,1970-01-08,F,San Diego,CA
1661,Maria,Rao,1964-07-26,M,San Jose,CA
1662,Maya,Singh,1986-03-09,F,Dallas,TX
1663,Olivia,Gomez,1957-08-11,M,New York,NY
1664,Ethan,Nguyen,1997-05-22,F,Chicago,IL
1665,Alex,Garcia,1954-05-01,M,New York,NY
1666,Arjun,Chen,2003-12-17,M,New York,NY
1667,Noah,Johnson,1984-09-16,M,Philadelphia,PA
1668,Olivia,Johnson,1965-08-23,F,Phoenix,AZ
1669,Zara,Nguyen,1995-07-23,F,Dallas,TX
1670,Daniel,Smith,1963-02-26,M,Houston,TX
1671,Olivia,Wilson,1999-11-22,F,San Diego,CA
1672,Ethan,Smith,1977-10-02,F,Chicago,IL
1673,John,Gomez,1950-01-10,M,Phoenix,AZ
1674,Olivia,Doe,2002-09-20,F,San Diego,CA
1675,Asha,Brown,1964-01-12,M,San Jose,CA
1676,Arjun,Lee,1952-10-12,M,San Jose,CA
1677,Liam,Khan,1956-01-03,M,Houston,TX
1678,Daniel,Shah,1973-01-15,M,San Antonio,TX
1679,Liam,Brown,1987-02-06,F,San Diego,CA
1680,Arjun,Shah,1989-09-25,F,Philadelphia,PA
1681,Zara,Garcia,1961-05-21,F,Dallas,TX
1682,Liam,Shah,2005-08-09,M,Dallas,TX
1683,Maya,Nguyen,1969-01-31,M,Chicago,IL
1684,Emma,Brown,1968-12-30,M,Phoenix,AZ
1685,Ethan,Lee,2007-12-16,M,San Jose,CA
1686,Alex,Chen,1987-09-16,F,Philadelphia,PA
1687,Asha,Chen,2005-10-23,M,New York,NY
1688,Asha,Nguyen,1999-05-01,F,Houston,TX
1689,Noah,Lee,1978-04-28,F,New York,NY
1690,Liam,Nguyen,1969-11-23,M,Dallas,TX
1691,Noah,Johnson,1973-10-29,M,San Antonio,TX
1692,Noah,Johnson,1951-01-20,F,San Diego,CA
1693,Daniel,Garcia,1951-02-09,F,Dallas,TX
1694,Daniel,Chen,1972-05-20,M,Philadelphia,PA
1695,Zara,Wilson,1991-07-03,M,Phoenix,AZ
1696,Asha,Johnson,1984-12-11,F,San Jose,CA
1697,Arjun,Smith,2000-05-02,M,Phoenix,AZ
1698,Maria,Rao,1976-12-30,M,New York,NY
1699,Maria,Nguyen,1966-05-26,M,Los Angeles,CA
1700,Liam,Rao,1991-05-12,F,Houston,TX
1701,Zara,Lee,1998-11-09,F,San Jose,CA
1702,Asha,Lee,1959-12-16,F,Dallas,TX
1703,Noah,Gomez,1979-11-21,F,Dallas,TX
1704,Liam,Garcia,1963-03-03,M,New York,NY
1705,Asha,Nguyen,2006-04-19,F,San Diego,CA
1706,Olivia,Garcia,1986-11-04,M,Philadelphia,PA
1707,Emma,Doe,1992-04-14,F,New York,NY
1708,Noah,Wilson,1966-06-03,M,Los Angeles,CA
1709,Priya,Smith,1955-08-11,M,New York,NY
1710,Arjun,Khan,1983-10-13,F,Philadelphia,PA
1711,Zara,Doe,2007-12-12,F,Los Angeles,CA
1712,John,Johnson,1996-10-26,F,Philadelphia,PA
1713,Zara,Garcia,1962-06-11,M,Chicago,IL
1714,John,Gomez,1963-08-17,M,San Diego,CA
1715,Ethan,Khan,1984-12-23,F,San Diego,CA
1716,Arjun,Singh,1977-06-03,F,Phoenix,AZ
1717,Arjun,Smith,1959-05-13,M,Philadelphia,PA
1718,Zara,Khan,1989-07-05,M,San Antonio,TX
1719,Alex,Lee,1969-10-27,M,San Antonio,TX
1720,Noah,Wilson,1989-09-02,F,Chicago,IL
1721,Emma,Khan,1995-07-17,M,Dallas,TX
1722,Olivia,Smith,1978-05-11,M,Chicago,IL
1723,Emma,Shah,1996-12-19,F,Phoenix,AZ
1724,Noah,Gomez,1961-12-12,M,New York,NY
1725,Maya,Gomez,1977-11-11,M,San Antonio,TX
1726,Asha,Patel,1997-10-22,F,Philadelphia,PA
1727,Arjun,Shah,1973-01-27,F,San Diego,CA
1728,Liam,Wilson,1973-06-29,M,Philadelphia,PA
1729,John,Nguyen,1963-04-21,M,Chicago,IL
1730,Ethan,Garcia,1977-06-28,M,Philadelphia,PA
1731,Liam,Chen,2007-10-12,F,Dallas,TX
1732,Alex,Khan,2002-07-25,M,Los Angeles,CA
1733,Liam,Shah,2004-02-05,F,New York,NY
1734,Maya,Rao,1991-10-07,F,Phoenix,AZ
1735,Alex,Rao,1981-05-28,M,Philadelphia,PA
1736,Ethan,Brown,1953-06-06,M,Los Angeles,CA
1737,Daniel,Johnson,1969-02-26,F,San Jose,CA
1738,Liam,Rao,1983-05-01,M,San Diego,CA
1739,Ethan,Doe,1962-10-18,M,Philadelphia,PA
1740,Asha,Gomez,2007-04-06,M,Phoenix,AZ
1741,Priya,Wilson,1993-03-17,M,Dallas,TX
1742,Olivia,Brown,1985-09-25,F,Los Angeles,CA
1743,Noah,Lee,1968-11-03,M,San Jose,CA
1744,Arjun,Nguyen,1969-01-10,F,Chicago,IL
1745,Emma,Johnson,1976-01-26,F,Houston,TX
1746,Priya,Garcia,1971-12-14,F,Philadelphia,PA
1747,John,Nguyen,1969-01-02,M,Phoenix,AZ
1748,Olivia,Doe,1977-12-14,F,San Antonio,TX
1749,Arjun,Lee,1998-07-03,F,San Antonio,TX
1750,Olivia,Smith,2006-07-11,M,Chicago,IL
1751,Sophia,Doe,1976-02-24,F,Philadelphia,PA
1752,Maria,Khan,2008-11-11,M,New York,NY
1753,Maya,Garcia,1962-09-12,F,Dallas,TX
1754,Zara,Patel,1963-04-17,M,Phoenix,AZ
1755,Alex,Brown,2003-07-23,F,Philadelphia,PA
1756,John,Wilson,1978-04-04,F,Los Angeles,CA
1757,John,Wilson,2000-10-29,M,Los Angeles,CA
1758,Liam,Brown,1963-05-25,M,Houston,TX
1759,Daniel,Singh,1969-04-14,M,Houston,TX
1760,Asha,Johnson,1995-03-27,M,Dallas,TX
1761,Daniel,Brown,2004-05-13,F,New York,NY
1762,Olivia,Smith,2009-10-11,F,New York,NY
1763,Zara,Chen,2002-08-12,F,Chicago,IL
1764,Ethan,Khan,2004-08-28,F,Los Angeles,CA
1765,Sophia,Singh,1961-05-27,M,Phoenix,AZ
1766,Alex,Chen,1971-09-29,M,Phoenix,AZ
1767,Emma,Brown,1989-05-24,F,San Diego,CA
1768,Liam,Wilson,1965-04-01,F,San Antonio,TX
1769,Arjun,Gomez,1961-10-10,F,Houston,TX
1770,Daniel,Doe,1967-03-02,F,Los Angeles,CA
1771,Priya,Singh,1960-06-15,F,Phoenix,AZ
1772,Sophia,Garcia,1982-11-24,M,San Antonio,TX
1773,Alex,Khan,1983-07-01,F,Chicago,IL
1774,Emma,Shah,2000-01-29,M,Los Angeles,CA
1775,Emma,Lee,1967-02-15,F,San Jose,CA
1776,John,Wilson,1996-12-09,M,Dallas,TX
1777,Sophia,Shah,1970-02-15,M,San Diego,CA
1778,John,Gomez,1991-07-28,F,Los Angeles,CA
1779,Emma,Rao,1967-01-30,F,Dallas,TX
1780,Olivia,Singh,1966-09-04,F,Philadelphia,PA
1781,Noah,Nguyen,1981-11-11,M,New York,NY
1782,Asha,Wilson,1984-08-17,M,Los Angeles,CA
1783,Olivia,Lee,1977-02-19,M,San Diego,CA
1784,Noah,Smith,1973-03-13,F,Chicago,IL
1785,Zara,Lee,2000-01-10,F,New York,NY
1786,Priya,Smith,1958-12-11,M,Philadelphia,PA
1787,John,Khan,1951-10-29,F,Dallas,TX
1788,Zara,Gomez,1961-06-20,F,Phoenix,AZ
1789,John,Singh,1996-09-11,F,Chicago,IL
1790,Olivia,Wilson,1977-10-27,M,Houston,TX
1791,Emma,Smith,1980-12-23,M,Dallas,TX
1792,Maria,Khan,2008-11-20,M,New York,NY
1793,Emma,Garcia,1985-04-18,F,Phoenix,AZ
1794,Asha,Johnson,1963-01-30,M,Phoenix,AZ
1795,Zara,Doe,1960-09-05,M,Los Angeles,CA
1796,Alex,Shah,1987-07-22,M,San Antonio,TX
1797,Emma,Brown,1969-02-11,F,San Jose,CA
1798,Alex,Patel,1967-06-17,F,Dallas,TX
1799,Emma,Smith,1996-04-16,F,Philadelphia,PA
1800,Alex,Johnson,2001-05-30,F,Dallas,TX
1801,Maya,Johnson,2001-12-16,F,San Diego,CA
1802,Maria,Wilson,1977-10-26,F,Dallas,TX
1803,Daniel,Smith,1988-09-02,M,Philadelphia,PA
1804,Liam,Wilson,1994-07-31,M,Phoenix,AZ
1805,Priya,Gomez,1978-09-19,M,San Jose,CA
1806,Maya,Wilson,1964-05-07,F,New York,NY
1807,Olivia,Rao,1978-08-15,F,Philadelphia,PA
1808,Daniel,Doe,1978-09-09,F,Los Angeles,CA
1809,Sophia,Wilson,1983-12-08,F,San Diego,CA
1810,Zara,Johnson,2002-09-27,M,Los Angeles,CA
1811,Alex,Rao,2006-03-15,F,San Diego,CA
1812,Sophia,Rao,2004-11-01,F,Houston,TX
1813,Priya,Rao,1962-02-19,M,Houston,TX
1814,Ethan,Brown,1987-02-24,M,Phoenix,AZ
1815,Ethan,Rao,1988-10-26,F,Chicago,IL
1816,Ethan,Doe,1998-05-09,F,San Antonio,TX
1817,Priya,Lee,1950-10-30,M,San Jose,CA
1818,Daniel,Johnson,1996-08-09,F,New York,NY
1819,Olivia,Patel,1950-02-25,M,Dallas,TX
1820,Alex,Lee,1985-08-18,M,Los Angeles,CA
1821,Alex,Nguyen,1973-11-13,F,Dallas,TX
1822,Ethan,Lee,1972-04-25,M,Los Angeles,CA
1823,Liam,Wilson,1955-10-27,F,Chicago,IL
1824,Ethan,Lee,1981-06-06,M,San Jose,CA
1825,Alex,Singh,1993-02-09,F,San Diego,CA
1826,Emma,Gomez,1995-11-09,F,Phoenix,AZ
1827,Daniel,Patel,1968-08-23,F,Phoenix,AZ
1828,Noah,Singh,1962-08-27,F,New York,NY
1829,Maria,Patel,1991-03-01,F,Philadelphia,PA
1830,Zara,Wilson,1987-04-20,M,Dallas,TX
1831,Noah,Wilson,1964-01-14,F,Houston,TX
1832,John,Shah,1964-01-10,M,Los Angeles,CA
1833,Olivia,Khan,1999-05-14,F,Philadelphia,PA
1834,Olivia,Gomez,1997-05-16,M,New York,NY
1835,Zara,Gomez,2002-07-08,M,Chicago,IL
1836,Daniel,Shah,1966-01-27,M,Chicago,IL
1837,Arjun,Singh,1954-03-12,M,Houston,TX
1838,Noah,Khan,1972-05-17,F,Chicago,IL
1839,Priya,Singh,2004-01-07,M,Dallas,TX
1840,Arjun,Khan,1971-01-04,M,San Diego,CA
1841,Emma,Brown,1968-11-04,M,San Antonio,TX
1842,Asha,Khan,1955-03-22,F,San Antonio,TX
1843,Emma,Wilson,1958-06-14,F,San Antonio,TX
1844,Sophia,Lee,1986-12-21,F,Phoenix,AZ
1845,John,Garcia,1972-04-27,M,Chicago,IL
1846,Liam,Garcia,1965-09-29,F,Phoenix,AZ
1847,Alex,Doe,1984-12-20,M,Dallas,TX
1848,Olivia,Rao,1978-02-10,F,Phoenix,AZ
1849,Emma,Doe,1952-11-28,M,San Diego,CA
1850,Daniel,Chen,2000-04-08,F,Houston,TX
1851,Maya,Chen,1998-05-29,M,Houston,TX
1852,Priya,Lee,1967-01-21,F,San Jose,CA
1853,Olivia,Johnson,1995-03-15,M,San Antonio,TX
1854,Sophia,Nguyen,1991-06-22,F,Houston,TX
1855,Liam,Brown,1962-09-07,M,Los Angeles,CA
1856,Alex,Rao,1967-03-21,F,Los Angeles,CA
1857,Maya,Lee,1959-11-06,M,Los Angeles,CA
1858,Sophia,Rao,1981-06-02,M,Dallas,TX
1859,Ethan,Lee,1966-11-21,M,Houston,TX
1860,John,Doe,1976-10-26,F,San Antonio,TX
1861,Olivia,Gomez,1970-09-14,F,San Jose,CA
1862,Ethan,Shah,1972-08-11,F,New York,NY
1863,Arjun,Lee,1995-06-30,M,San Antonio,TX
1864,Sophia,Patel,1967-06-12,F,Dallas,TX
1865,Alex,Singh,2006-05-17,M,San Antonio,TX
1866,John,Rao,1989-05-05,M,Dallas,TX
1867,Maya,Singh,1985-05-07,M,Houston,TX
1868,Emma,Lee,1971-10-01,M,San Diego,CA
1869,Alex,Lee,1983-05-27,F,Houston,TX
1870,John,Lee,1993-01-23,M,Houston,TX
1871,Arjun,Garcia,1968-06-13,F,Chicago,IL
1872,Asha,Chen,1993-07-27,M,Houston,TX
1873,Sophia,Garcia,1956-10-08,F,Houston,TX
1874,Asha,Singh,2002-05-11,M,San Diego,CA
1875,Sophia,Singh,2009-08-24,F,Los Angeles,CA
1876,Ethan,Singh,1992-12-05,M,New York,NY
1877,Noah,Doe,1954-10-28,F,San Jose,CA
1878,Sophia,Nguyen,1977-11-02,M,Los Angeles,CA
1879,Maya,Nguyen,1978-11-24,F,New York,NY
1880,Maya,Nguyen,1997-04-04,F,Los Angeles,CA
1881,Liam,Smith,1989-02-02,F,Dallas,TX
1882,Sophia,Brown,1960-06-09,F,Phoenix,AZ
1883,Liam,Smith,1998-11-09,F,San Diego,CA
1884,Noah,Doe,1999-08-09,M,Chicago,IL
1885,Ethan,Garcia,1954-05-25,M,San Diego,CA
1886,Sophia,Lee,1965-05-24,M,Houston,TX
1887,Asha,Garcia,1968-07-12,F,Los Angeles,CA
1888,Olivia,Gomez,1981-10-18,M,Houston,TX
1889,Zara,Khan,2004-06-27,M,San Diego,CA
1890,Ethan,Brown,1978-12-29,F,Chicago,IL
1891,Liam,Wilson,1988-02-09,M,San Antonio,TX
1892,John,Johnson,2005-01-31,M,San Jose,CA
1893,John,Smith,1985-09-20,M,Houston,TX
1894,Zara,Khan,1957-02-03,F,San Diego,CA
1895,John,Rao,1997-10-08,M,Dallas,TX
1896,Zara,Chen,1961-11-03,F,Los Angeles,CA
1897,Daniel,Brown,1979-07-15,F,San Antonio,TX
1898,Liam,Johnson,1974-12-12,M,Dallas,TX
1899,Liam,Lee,1964-08-17,M,Phoenix,AZ
1900,Arjun,Khan,1994-11-15,M,Chicago,IL
1901,John,Rao,1973-09-16,M,Philadelphia,PA
1902,John,Garcia,1988-06-13,F,San Diego,CA
1903,John,Lee,1974-03-13,F,New York,NY
1904,Maya,Garcia,1950-04-28,F,Dallas,TX
1905,Sophia,Johnson,1988-02-08,M,Houston,TX
1906,Noah,Nguyen,2001-11-04,F,Houston,TX
1907,Olivia,Garcia,1989-03-06,F,Phoenix,AZ
1908,Priya,Johnson,1986-03-27,M,Phoenix,AZ
1909,Noah,Wilson,1965-03-23,F,Dallas,TX
1910,Alex,Singh,2006-08-08,M,Houston,TX
1911,Maria,Johnson,1952-04-26,F,San Antonio,TX
1912,Ethan,Wilson,1979-12-29,M,San Antonio,TX
1913,Liam,Brown,1987-07-09,M,Houston,TX
1914,Maria,Patel,1992-02-15,F,San Diego,CA
1915,Olivia,Rao,1987-08-21,F,San Diego,CA
1916,Noah,Khan,1967-09-18,M,Houston,TX
1917,Alex,Khan,1975-07-22,M,Chicago,IL
1918,Ethan,Gomez,1995-06-22,M,San Diego,CA
1919,John,Brown,1985-02-05,F,Chicago,IL
1920,Maria,Gomez,1961-07-10,F,Philadelphia,PA
1921,Noah,Chen,1967-03-16,M,San Jose,CA
1922,Daniel,Garcia,1955-08-11,M,Dallas,TX
1923,Alex,Khan,1967-01-25,M,San Antonio,TX
1924,Ethan,Patel,1985-06-07,F,New York,NY
1925,Sophia,Khan,1984-07-08,M,Los Angeles,CA
1926,Zara,Gomez,1976-09-26,M,San Diego,CA
1927,Maria,Smith,1955-01-03,M,Phoenix,AZ
1928,Noah,Singh,1955-04-02,M,Houston,TX
1929,Asha,Johnson,2006-06-14,F,Houston,TX
1930,Sophia,Garcia,1969-02-18,M,Chicago,IL
1931,Maya,Khan,2000-05-28,M,New York,NY
1932,Zara,Singh,1989-12-16,F,Houston,TX
1933,Arjun,Lee,2005-02-09,M,Chicago,IL
1934,Alex,Chen,1985-07-13,F,San Antonio,TX
1935,John,Wilson,1950-01-10,M,San Antonio,TX
1936,Olivia,Chen,1995-07-28,M,Phoenix,AZ
1937,Emma,Garcia,1977-01-04,F,San Antonio,TX
1938,Noah,Singh,1956-01-29,F,San Antonio,TX
1939,Emma,Chen,1969-04-12,M,Los Angeles,CA
1940,Asha,Doe,2000-07-01,F,Phoenix,AZ
1941,Daniel,Johnson,1964-06-23,M,Philadelphia,PA
1942,Olivia,Smith,1954-06-08,M,San Diego,CA
1943,Alex,Chen,1973-04-22,F,San Antonio,TX
1944,Alex,Rao,1953-09-04,F,New York,NY
1945,Ethan,Rao,1978-12-08,M,San Diego,CA
1946,Daniel,Patel,2002-08-12,F,Chicago,IL
1947,Maria,Wilson,2002-08-04,F,Dallas,TX
1948,Maria,Garcia,2000-04-26,M,San Jose,CA
1949,Maria,Johnson,1988-12-18,F,Los Angeles,CA
1950,Ethan,Brown,1959-07-23,M,San Diego,CA
1951,Alex,Garcia,1975-06-29,F,Los Angeles,CA
1952,Olivia,Garcia,1971-11-11,M,Houston,TX
1953,Maya,Gomez,1999-04-02,M,San Jose,CA
1954,Zara,Shah,1983-06-16,F,San Jose,CA
1955,Asha,Doe,1950-08-24,F,Dallas,TX
1956,Emma,Khan,1977-10-27,M,Houston,TX
1957,Maria,Shah,1955-03-24,F,Los Angeles,CA
1958,Priya,Brown,1973-06-16,F,Chicago,IL
1959,Priya,Chen,1959-09-01,F,Philadelphia,PA
1960,Arjun,Patel,1964-05-23,M,Chicago,IL
1961,Sophia,Singh,2002-01-27,M,San Antonio,TX
1962,Maya,Brown,1972-05-07,F,San Antonio,TX
1963,Sophia,Khan,2001-11-13,M,San Diego,CA
1964,Noah,Johnson,1964-10-29,M,New York,NY
1965,Maya,Wilson,1959-04-15,M,Houston,TX
1966,Arjun,Wilson,1980-07-19,F,San Diego,CA
1967,Maya,Shah,1966-04-18,F,New York,NY
1968,Ethan,Singh,2009-10-30,F,New York,NY
1969,Liam,Doe,1971-12-04,F,Houston,TX
1970,Ethan,Nguyen,1974-10-26,M,Houston,TX
1971,Maria,Chen,2008-01-21,M,Los Angeles,CA
1972,Asha,Chen,1992-07-03,F,Los Angeles,CA
1973,Daniel,Singh,2002-10-17,M,Philadelphia,PA
1974,Maya,Garcia,1950-03-19,F,San Antonio,TX
1975,Asha,Singh,1970-09-30,M,San Antonio,TX
1976,Priya,Brown,2006-06-07,M,Houston,TX
1977,Liam,Wilson,1996-07-02,F,San Diego,CA
1978,Maria,Rao,1988-06-30,M,San Diego,CA
1979,Liam,Singh,1997-10-10,M,Houston,TX
1980,Sophia,Garcia,2000-09-15,F,San Jose,CA
1981,Zara,Lee,1978-11-05,M,Chicago,IL
1982,Priya,Nguyen,1976-01-15,M,San Jose,CA
1983,Arjun,Johnson,1969-01-04,F,Chicago,IL
1984,Ethan,Wilson,1982-09-24,F,Chicago,IL
1985,Emma,Johnson,1971-05-15,F,Phoenix,AZ
1986,Liam,Singh,1967-12-23,F,Dallas,TX
1987,Ethan,Chen,1966-05-21,F,New York,NY
1988,Ethan,Wilson,2008-12-08,M,Los Angeles,CA
1989,Maria,Chen,1962-10-15,M,San Jose,CA
1990,Daniel,Shah,2000-11-08,M,New York,NY
1991,Maya,Patel,1975-02-23,M,San Jose,CA
1992,Maya,Singh,2002-04-14,F,Dallas,TX
1993,Daniel,Rao,1956-01-02,M,San Diego,CA
1994,Liam,Lee,1953-06-02,F,Chicago,IL
1995,Maya,Smith,1980-10-16,F,Houston,TX
1996,Priya,Patel,1985-01-07,M,Los Angeles,CA
1997,Noah,Johnson,2005-11-25,M,Philadelphia,PA
1998,Daniel,Gomez,2000-04-29,M,Phoenix,AZ
1999,Arjun,Smith,1960-02-05,M,San Diego,CA
2000,Alex,Johnson,1961-01-01,M,San Antonio,TX
