admission_id,patient_id,admit_date,discharge_date,length_of_stay,department,primary_diagnosis,readmit_30,first_name,last_name,birth_date,gender,city,state,age
20001,1001,2023-08-02,2023-08-06,4,Orthopedics,Chest Pain,0,Priya,Garcia,1993-03-31,M,New York,NY,30
20002,1003,2022-08-19,2022-08-23,4,Oncology,Fracture,1,Olivia,Lee,1964-10-04,M,Phoenix,AZ,59
20003,1003,2023-03-17,2023-03-19,2,General Medicine,Pneumonia,0,Olivia,Lee,1964-10-04,M,Phoenix,AZ,59
20004,1004,2023-08-21,2023-08-26,5,Oncology,Chest Pain,0,John,Singh,2009-01-26,M,Dallas,TX,14
20005,1005,2022-06-08,2022-06-10,2,Pediatrics,Pneumonia,0,Maria,Johnson,1982-10-04,M,Dallas,TX,41
20006,1006,2023-10-10,2023-10-11,1,Orthopedics,Pneumonia,0,Arjun,Patel,1980-11-23,M,Philadelphia,PA,43
20007,1007,2022-10-19,2022-10-24,5,Orthopedics,Chest Pain,0,Ethan,Johnson,1967-02-26,F,New York,NY,56
20008,1007,2023-10-22,2023-10-23,1,Oncology,COVID-19,0,Ethan,Johnson,1967-02-26,F,New York,NY,56
20009,1008,2022-12-12,2022-12-22,10,Emergency,Hypertension,0,Ethan,Khan,1996-02-19,M,San Diego,CA,27
20010,1009,2023-09-15,2023-09-20,5,Pediatrics,Chest Pain,0,Maria,Rao,1962-02-13,F,Dallas,TX,61
20011,1011,2022-05-07,2022-05-08,1,Cardiology,Chest Pain,0,Asha,Chen,1981-02-10,F,Los Angeles,CA,42
20012,1011,2023-01-13,2023-01-14,1,Orthopedics,Diabetes,0,Asha,Chen,1981-02-10,F,Los Angeles,CA,42
20013,1013,2023-09-05,2023-09-19,14,Cardiology,Chest Pain,0,Ethan,Lee,1972-10-14,M,San Antonio,TX,51
20014,1013,2022-07-01,2022-07-08,7,Emergency,Pneumonia,0,Ethan,Lee,1972-10-14,M,San Antonio,TX,51
20015,1016,2022-11-05,2022-11-07,2,Oncology,Hypertension,0,Sophia,Smith,1956-08-30,F,San Jose,CA,67
20016,1020,2022-07-29,2022-08-01,3,Cardiology,Fracture,0,Priya,Lee,1998-02-06,F,Chicago,IL,25
20017,1020,2023-10-02,2023-10-04,2,Cardiology,Fracture,0,Priya,Lee,1998-02-06,F,Chicago,IL,25
20018,1023,2022-06-10,2022-06-12,2,Emergency,Pneumonia,0,Emma,Johnson,1967-07-07,F,San Antonio,TX,56
20019,1024,2023-04-14,2023-04-17,3,General Medicine,COVID-19,1,Emma,Patel,1973-09-23,F,Chicago,IL,50
20020,1025,2022-12-08,2022-12-09,1,Cardiology,Hypertension,1,Arjun,Chen,2001-11-11,F,Chicago,IL,22
20021,1026,2022-05-21,2022-05-23,2,Oncology,Hypertension,0,Noah,Singh,2000-06-18,F,Phoenix,AZ,23
20022,1027,2023-11-01,2023-11-02,1,General Medicine,COVID-19,0,Noah,Doe,1957-07-10,F,San Jose,CA,66
20023,1028,2022-01-18,2022-01-20,2,Oncology,Pneumonia,0,Zara,Nguyen,1950-07-09,M,San Jose,CA,73
20024,1029,2022-04-23,2022-04-26,3,Cardiology,Chest Pain,0,Olivia,Nguyen,2002-05-06,M,Los Angeles,CA,21
20025,1032,2023-04-03,2023-04-10,7,Oncology,COVID-19,0,Ethan,Singh,1955-03-15,F,New York,NY,68
20026,1032,2022-03-28,2022-04-11,14,Emergency,COVID-19,0,Ethan,Singh,1955-03-15,F,New York,NY,68
20027,1033,2022-11-09,2022-11-11,2,Orthopedics,Fracture,0,Alex,Gomez,1953-06-21,F,Dallas,TX,70
20028,1034,2022-02-23,2022-02-25,2,Pediatrics,Hypertension,0,Noah,Gomez,1999-01-16,F,Philadelphia,PA,24
20029,1035,2022-04-06,2022-04-20,14,Emergency,Fracture,0,Daniel,Lee,1981-03-13,M,New York,NY,42
20030,1035,2023-05-06,2023-05-20,14,Orthopedics,Diabetes,0,Daniel,Lee,1981-03-13,M,New York,NY,42
20031,1040,2023-09-16,2023-09-17,1,Oncology,Fracture,0,Asha,Smith,2009-08-16,F,Chicago,IL,14
20032,1040,2023-12-01,2023-12-06,5,Orthopedics,Fracture,0,Asha,Smith,2009-08-16,F,Chicago,IL,14
20033,1041,2023-01-21,2023-01-23,2,General Medicine,Hypertension,0,Asha,Doe,1979-02-05,F,Chicago,IL,44
20034,1042,2022-09-13,2022-09-17,4,Emergency,Pneumonia,0,Noah,Nguyen,1974-01-27,F,New York,NY,49
20035,1044,2023-12-15,2023-12-19,4,Cardiology,Appendicitis,1,Sophia,Brown,1978-01-27,M,San Jose,CA,45
20036,1044,2023-12-28,2024-01-02,5,Orthopedics,Chest Pain,0,Sophia,Brown,1978-01-27,M,San Jose,CA,45
20037,1047,2022-12-25,2022-12-27,2,Cardiology,COVID-19,0,Alex,Patel,1980-02-29,M,Phoenix,AZ,43
20038,1050,2022-05-26,2022-05-29,3,Emergency,Hypertension,0,Maya,Wilson,1993-03-23,F,San Antonio,TX,30
20039,1050,2022-02-10,2022-02-12,2,Oncology,Hypertension,0,Maya,Wilson,1993-03-23,F,San Antonio,TX,30
20040,1051,2022-12-08,2022-12-09,1,Orthopedics,Diabetes,0,Liam,Garcia,1996-12-24,F,Los Angeles,CA,27
20041,1051,2023-10-08,2023-10-13,5,Emergency,Appendicitis,0,Liam,Garcia,1996-12-24,F,Los Angeles,CA,27
20042,1052,2023-11-16,2023-11-23,7,Orthopedics,Appendicitis,0,Arjun,Khan,1983-06-03,M,Dallas,TX,40
20043,1053,2022-05-10,2022-05-11,1,Cardiology,Pneumonia,0,Daniel,Garcia,1972-07-10,F,New York,NY,51
20044,1055,2022-05-29,2022-06-05,7,General Medicine,COVID-19,0,Sophia,Wilson,1958-08-19,F,Dallas,TX,65
20045,1056,2022-11-06,2022-11-09,3,Pediatrics,Pneumonia,0,Priya,Doe,1954-05-05,M,Philadelphia,PA,69
20046,1056,2023-02-10,2023-02-15,5,Oncology,Diabetes,0,Priya,Doe,1954-05-05,M,Philadelphia,PA,69
20047,1059,2023-05-22,2023-05-26,4,Orthopedics,Appendicitis,0,Zara,Wilson,1952-10-18,M,Houston,TX,71
20048,1060,2023-12-14,2023-12-16,2,Oncology,Pneumonia,0,Olivia,Gomez,1981-11-27,M,Houston,TX,42
20049,1061,2022-01-25,2022-01-27,2,Orthopedics,Chest Pain,0,Ethan,Doe,1979-08-02,F,San Antonio,TX,44
20050,1062,2023-06-08,2023-06-10,2,Pediatrics,Chest Pain,0,Olivia,Brown,1986-09-26,F,San Antonio,TX,37
20051,1062,2022-01-17,2022-01-27,10,Pediatrics,Diabetes,0,Olivia,Brown,1986-09-26,F,San Antonio,TX,37
20052,1064,2023-10-23,2023-10-28,5,Cardiology,Diabetes,0,Priya,Garcia,1971-11-16,M,Phoenix,AZ,52
20053,1064,2023-12-11,2023-12-25,14,Orthopedics,COVID-19,0,Priya,Garcia,1971-11-16,M,Phoenix,AZ,52
20054,1065,2023-05-04,2023-05-14,10,Orthopedics,Hypertension,0,Olivia,Rao,1976-07-15,M,Dallas,TX,47
20055,1066,2022-03-27,2022-04-06,10,Oncology,Hypertension,0,Alex,Chen,1985-07-26,F,San Diego,CA,38
20056,1066,2023-09-21,2023-09-26,5,Orthopedics,Hypertension,0,Alex,Chen,1985-07-26,F,San Diego,CA,38
20057,1069,2023-02-06,2023-02-09,3,Oncology,Pneumonia,0,Sophia,Nguyen,1950-06-11,F,Dallas,TX,73
20058,1069,2023-06-10,2023-06-14,4,Orthopedics,Diabetes,0,Sophia,Nguyen,1950-06-11,F,Dallas,TX,73
20059,1072,2022-07-02,2022-07-05,3,General Medicine,Appendicitis,0,John,Garcia,1981-07-31,M,Chicago,IL,42
20060,1073,2023-02-01,2023-02-05,4,Pediatrics,Diabetes,0,Arjun,Nguyen,1970-11-21,M,San Antonio,TX,53
20061,1074,2022-11-07,2022-11-10,3,General Medicine,Diabetes,1,Liam,Johnson,1952-10-13,F,San Antonio,TX,71
20062,1078,2022-01-29,2022-02-03,5,Orthopedics,Pneumonia,0,Arjun,Gomez,2008-03-28,M,Houston,TX,15
20063,1079,2023-03-16,2023-03-18,2,Oncology,Hypertension,0,Alex,Lee,1983-05-13,M,San Jose,CA,40
20064,1082,2023-11-20,2023-11-21,1,Pediatrics,Hypertension,0,Liam,Chen,1973-06-20,M,San Jose,CA,50
20065,1088,2022-12-10,2022-12-11,1,Pediatrics,Pneumonia,1,Maria,Johnson,1971-12-03,F,Phoenix,AZ,52
20066,1089,2023-01-15,2023-01-18,3,Oncology,Diabetes,0,John,Singh,1957-01-12,M,New York,NY,67
20067,1090,2022-08-14,2022-08-15,1,Orthopedics,COVID-19,1,Priya,Lee,2009-10-25,F,San Jose,CA,14
20068,1092,2023-05-08,2023-05-09,1,General Medicine,Chest Pain,0,Asha,Singh,1957-05-19,M,Chicago,IL,66
20069,1092,2022-08-06,2022-08-07,1,Emergency,Chest Pain,1,Asha,Singh,1957-05-19,M,Chicago,IL,66
20070,1093,2023-12-28,2024-01-04,7,General Medicine,Appendicitis,0,Alex,Garcia,1992-03-23,F,New York,NY,31
20071,1093,2023-07-27,2023-07-29,2,Cardiology,Fracture,0,Alex,Garcia,1992-03-23,F,New York,NY,31
20072,1094,2022-04-30,2022-05-05,5,Pediatrics,Fracture,0,Ethan,Garcia,1964-05-25,F,Los Angeles,CA,59
20073,1094,2023-08-03,2023-08-07,4,General Medicine,Hypertension,0,Ethan,Garcia,1964-05-25,F,Los Angeles,CA,59
20074,1095,2023-06-25,2023-07-02,7,General Medicine,Pneumonia,1,Emma,Khan,1968-06-11,M,Philadelphia,PA,55
20075,1096,2022-08-14,2022-08-17,3,Oncology,Diabetes,0,Asha,Nguyen,1951-01-27,F,Houston,TX,72
20076,1096,2022-11-24,2022-11-28,4,Orthopedics,Chest Pain,0,Asha,Nguyen,1951-01-27,F,Houston,TX,72
20077,1096,2023-03-30,2023-04-13,14,General Medicine,Fracture,0,Asha,Nguyen,1951-01-27,F,Houston,TX,72
20078,1097,2022-10-28,2022-10-31,3,Orthopedics,Diabetes,0,Arjun,Shah,1988-04-17,M,New York,NY,35
20079,1097,2023-11-29,2023-12-03,4,Oncology,Hypertension,0,Arjun,Shah,1988-04-17,M,New York,NY,35
20080,1098,2022-08-04,2022-08-09,5,Cardiology,Pneumonia,0,Sophia,Smith,1984-09-05,F,San Jose,CA,39
20081,1098,2022-12-19,2022-12-20,1,Cardiology,Chest Pain,0,Sophia,Smith,1984-09-05,F,San Jose,CA,39
20082,1101,2023-10-29,2023-11-03,5,Oncology,Diabetes,0,John,Singh,1966-12-07,M,Los Angeles,CA,57
20083,1102,2023-06-19,2023-06-20,1,General Medicine,Pneumonia,0,Ethan,Smith,2003-05-06,F,San Diego,CA,20
20084,1102,2023-03-13,2023-03-18,5,Oncology,COVID-19,0,Ethan,Smith,2003-05-06,F,San Diego,CA,20
20085,1103,2022-10-22,2022-10-23,1,General Medicine,Chest Pain,0,Sophia,Chen,1972-12-23,F,Phoenix,AZ,51
20086,1103,2023-10-29,2023-11-12,14,Oncology,COVID-19,0,Sophia,Chen,1972-12-23,F,Phoenix,AZ,51
20087,1105,2023-11-06,2023-11-07,1,Orthopedics,Pneumonia,0,Zara,Khan,1991-10-18,F,San Jose,CA,32
20088,1108,2022-12-01,2022-12-11,10,Pediatrics,Appendicitis,0,Emma,Johnson,1982-05-30,F,Phoenix,AZ,41
20089,1109,2022-07-11,2022-07-16,5,General Medicine,Pneumonia,0,Ethan,Lee,1988-06-09,F,Philadelphia,PA,35
20090,1109,2023-12-06,2023-12-07,1,Cardiology,Hypertension,0,Ethan,Lee,1988-06-09,F,Philadelphia,PA,35
20091,1110,2022-08-15,2022-08-19,4,Oncology,Appendicitis,0,Arjun,Johnson,2002-05-03,F,Philadelphia,PA,21
20092,1110,2022-01-29,2022-01-30,1,Cardiology,Chest Pain,0,Arjun,Johnson,2002-05-03,F,Philadelphia,PA,21
20093,1110,2022-03-20,2022-03-27,7,General Medicine,Chest Pain,0,Arjun,Johnson,2002-05-03,F,Philadelphia,PA,21
20094,1113,2022-04-09,2022-04-12,3,Pediatrics,COVID-19,0,Liam,Chen,1963-11-05,M,New York,NY,60
20095,1114,2022-05-10,2022-05-15,5,Emergency,Hypertension,0,Maria,Garcia,1990-12-05,M,San Diego,CA,33
20096,1114,2023-04-04,2023-04-06,2,Cardiology,Fracture,1,Maria,Garcia,1990-12-05,M,San Diego,CA,33
20097,1117,2022-03-25,2022-03-27,2,General Medicine,Chest Pain,0,Maria,Wilson,2005-05-16,M,Los Angeles,CA,18
20098,1118,2023-06-11,2023-06-16,5,Pediatrics,COVID-19,0,Liam,Johnson,1997-09-03,M,San Antonio,TX,26
20099,1119,2023-05-07,2023-05-10,3,General Medicine,Chest Pain,1,Liam,Patel,1951-05-18,M,San Diego,CA,72
20100,1119,2023-03-06,2023-03-08,2,Orthopedics,Appendicitis,0,Liam,Patel,1951-05-18,M,San Diego,CA,72
20101,1121,2022-07-18,2022-07-22,4,Cardiology,COVID-19,0,Maria,Singh,1984-09-24,M,San Jose,CA,39
20102,1123,2022-07-25,2022-07-29,4,General Medicine,Chest Pain,0,Asha,Khan,1950-07-26,F,Dallas,TX,73
20103,1123,2023-06-05,2023-06-07,2,Cardiology,COVID-19,0,Asha,Khan,1950-07-26,F,Dallas,TX,73
20104,1123,2023-12-27,2023-12-31,4,Cardiology,Hypertension,0,Asha,Khan,1950-07-26,F,Dallas,TX,73
20105,1124,2023-12-18,2023-12-19,1,Pediatrics,Hypertension,0,Maria,Doe,2008-11-30,F,San Diego,CA,15
20106,1125,2023-05-10,2023-05-14,4,Cardiology,COVID-19,0,Priya,Wilson,1998-12-03,F,Philadelphia,PA,25
20107,1126,2022-08-02,2022-08-07,5,Cardiology,Chest Pain,0,John,Patel,1993-08-17,F,Los Angeles,CA,30
20108,1126,2023-08-11,2023-08-25,14,Oncology,Fracture,0,John,Patel,1993-08-17,F,Los Angeles,CA,30
20109,1126,2023-08-15,2023-08-18,3,Cardiology,Pneumonia,0,John,Patel,1993-08-17,F,Los Angeles,CA,30
20110,1128,2022-08-13,2022-08-14,1,Orthopedics,Diabetes,0,Zara,Smith,2002-07-01,M,Chicago,IL,21
20111,1128,2023-08-12,2023-08-13,1,Orthopedics,Pneumonia,0,Zara,Smith,2002-07-01,M,Chicago,IL,21
20112,1130,2022-05-23,2022-05-25,2,Orthopedics,Fracture,0,Asha,Rao,2008-11-12,F,New York,NY,15
20113,1132,2022-03-14,2022-03-15,1,Oncology,Appendicitis,0,Daniel,Wilson,1999-09-02,F,Houston,TX,24
20114,1132,2023-01-05,2023-01-15,10,Orthopedics,Diabetes,0,Daniel,Wilson,1999-09-02,F,Houston,TX,24
20115,1133,2023-01-18,2023-01-19,1,Emergency,Appendicitis,0,Noah,Khan,1990-07-30,F,Philadelphia,PA,33
20116,1133,2023-01-25,2023-02-01,7,General Medicine,Fracture,0,Noah,Khan,1990-07-30,F,Philadelphia,PA,33
20117,1134,2022-01-14,2022-01-15,1,Pediatrics,Fracture,0,Sophia,Smith,1970-09-27,M,Dallas,TX,53
20118,1137,2023-07-21,2023-07-24,3,Cardiology,Diabetes,0,John,Gomez,2003-09-26,F,San Antonio,TX,20
20119,1138,2022-10-15,2022-10-18,3,Orthopedics,Chest Pain,0,Alex,Lee,2007-07-21,M,San Jose,CA,16
20120,1139,2022-12-18,2022-12-21,3,Emergency,Chest Pain,0,Sophia,Brown,1952-11-25,M,New York,NY,71
20121,1145,2023-12-26,2023-12-31,5,General Medicine,Diabetes,0,Emma,Rao,1976-10-20,F,Dallas,TX,47
20122,1149,2023-11-20,2023-11-23,3,Pediatrics,Chest Pain,0,Maya,Nguyen,1988-02-22,M,San Antonio,TX,35
20123,1152,2022-10-22,2022-10-24,2,Oncology,COVID-19,0,Ethan,Rao,1977-11-08,F,Phoenix,AZ,46
20124,1153,2022-08-25,2022-08-28,3,Cardiology,Diabetes,0,Daniel,Garcia,2009-10-12,M,San Diego,CA,14
20125,1155,2023-04-23,2023-04-24,1,Cardiology,Pneumonia,0,John,Shah,1978-01-04,M,Chicago,IL,46
20126,1156,2023-07-07,2023-07-09,2,Orthopedics,Diabetes,0,Alex,Doe,1993-01-02,F,San Jose,CA,31
20127,1158,2022-05-10,2022-05-11,1,Oncology,Diabetes,0,John,Shah,1953-07-30,F,New York,NY,70
20128,1161,2023-03-25,2023-03-30,5,Cardiology,Diabetes,0,Arjun,Shah,1970-08-10,F,San Antonio,TX,53
20129,1162,2023-01-30,2023-02-06,7,Orthopedics,Diabetes,0,Asha,Patel,1965-02-21,F,Phoenix,AZ,58
20130,1165,2022-05-13,2022-05-15,2,Cardiology,Pneumonia,0,Sophia,Nguyen,1987-02-01,M,Dallas,TX,36
20131,1166,2022-10-11,2022-10-12,1,Cardiology,Fracture,0,Maria,Johnson,1951-10-26,F,Houston,TX,72
20132,1167,2023-05-12,2023-05-17,5,Oncology,Hypertension,0,Maria,Johnson,1955-06-22,F,Philadelphia,PA,68
20133,1168,2022-11-30,2022-12-01,1,Orthopedics,Fracture,0,Maria,Lee,1971-11-21,M,Phoenix,AZ,52
20134,1168,2022-01-20,2022-01-21,1,Cardiology,Chest Pain,0,Maria,Lee,1971-11-21,M,Phoenix,AZ,52
20135,1173,2022-10-03,2022-10-17,14,Orthopedics,Fracture,1,Ethan,Patel,1999-12-07,M,Houston,TX,24
20136,1175,2023-05-10,2023-05-13,3,Orthopedics,Fracture,0,Ethan,Smith,1968-01-12,F,Dallas,TX,56
20137,1175,2022-10-21,2022-10-22,1,General Medicine,Fracture,0,Ethan,Smith,1968-01-12,F,Dallas,TX,56
20138,1175,2022-11-04,2022-11-09,5,Pediatrics,COVID-19,0,Ethan,Smith,1968-01-12,F,Dallas,TX,56
20139,1176,2023-10-31,2023-11-03,3,General Medicine,Chest Pain,0,Zara,Shah,1998-05-24,F,San Antonio,TX,25
20140,1176,2022-03-27,2022-03-29,2,Pediatrics,Appendicitis,0,Zara,Shah,1998-05-24,F,San Antonio,TX,25
20141,1177,2023-02-18,2023-02-21,3,Orthopedics,Appendicitis,0,Maya,Shah,2004-08-30,F,Phoenix,AZ,19
20142,1178,2022-12-11,2022-12-15,4,Cardiology,COVID-19,0,Ethan,Johnson,1981-11-23,F,Phoenix,AZ,42
20143,1178,2022-05-27,2022-06-06,10,Orthopedics,Appendicitis,0,Ethan,Johnson,1981-11-23,F,Phoenix,AZ,42
20144,1179,2022-08-08,2022-08-09,1,Orthopedics,Chest Pain,0,Maria,Singh,1954-06-25,M,Phoenix,AZ,69
20145,1181,2022-06-08,2022-06-13,5,Oncology,Pneumonia,0,John,Rao,1996-10-08,F,Los Angeles,CA,27
20146,1181,2023-01-16,2023-01-21,5,Oncology,COVID-19,0,John,Rao,1996-10-08,F,Los Angeles,CA,27
20147,1181,2022-01-19,2022-01-26,7,Pediatrics,Chest Pain,0,John,Rao,1996-10-08,F,Los Angeles,CA,27
20148,1182,2022-11-27,2022-11-29,2,Oncology,COVID-19,0,John,Patel,1962-12-21,F,Houston,TX,61
20149,1183,2022-03-06,2022-03-08,2,Emergency,Appendicitis,0,Priya,Khan,1989-11-07,F,Houston,TX,34
20150,1184,2023-04-18,2023-04-22,4,Oncology,Appendicitis,0,Maya,Singh,1987-12-30,M,San Antonio,TX,36
20151,1187,2022-01-03,2022-01-06,3,Pediatrics,Fracture,1,Alex,Patel,1970-03-29,M,San Jose,CA,53
20152,1188,2022-05-13,2022-05-15,2,Pediatrics,Fracture,0,Zara,Garcia,1988-03-11,M,Philadelphia,PA,35
20153,1188,2022-10-27,2022-10-30,3,General Medicine,COVID-19,0,Zara,Garcia,1988-03-11,M,Philadelphia,PA,35
20154,1188,2022-12-09,2022-12-16,7,Orthopedics,Fracture,0,Zara,Garcia,1988-03-11,M,Philadelphia,PA,35
20155,1189,2023-02-11,2023-02-14,3,Emergency,Pneumonia,0,Arjun,Gomez,2009-03-25,F,San Diego,CA,14
20156,1191,2022-11-20,2022-11-30,10,Orthopedics,Diabetes,0,Daniel,Patel,1999-07-14,F,New York,NY,24
20157,1191,2022-11-30,2022-12-03,3,Emergency,Chest Pain,0,Daniel,Patel,1999-07-14,F,New York,NY,24
20158,1194,2022-05-24,2022-05-25,1,General Medicine,Diabetes,0,Priya,Patel,2004-06-20,M,San Diego,CA,19
20159,1196,2022-09-20,2022-09-24,4,Emergency,COVID-19,0,Emma,Singh,1981-05-05,F,San Antonio,TX,42
20160,1196,2022-06-08,2022-06-13,5,Emergency,Chest Pain,0,Emma,Singh,1981-05-05,F,San Antonio,TX,42
20161,1197,2022-02-05,2022-02-08,3,Oncology,Appendicitis,0,Daniel,Brown,2006-05-29,F,New York,NY,17
20162,1198,2023-11-16,2023-11-20,4,Cardiology,Appendicitis,1,Zara,Lee,1984-09-27,M,Chicago,IL,39
20163,1199,2022-01-26,2022-01-28,2,Oncology,Chest Pain,0,Priya,Patel,1962-01-07,F,Philadelphia,PA,62
20164,1199,2023-01-13,2023-01-15,2,Cardiology,COVID-19,0,Priya,Patel,1962-01-07,F,Philadelphia,PA,62
20165,1200,2022-10-20,2022-10-22,2,Oncology,Diabetes,0,Maya,Singh,1956-05-16,M,Chicago,IL,67
20166,1201,2023-03-15,2023-03-19,4,Pediatrics,COVID-19,0,Olivia,Rao,1971-12-01,M,New York,NY,52
20167,1201,2023-04-28,2023-05-05,7,Pediatrics,Appendicitis,0,Olivia,Rao,1971-12-01,M,New York,NY,52
20168,1201,2023-10-23,2023-10-24,1,Emergency,Appendicitis,0,Olivia,Rao,1971-12-01,M,New York,NY,52
20169,1202,2022-06-09,2022-06-13,4,Emergency,Hypertension,0,Liam,Lee,2002-11-19,M,San Antonio,TX,21
20170,1203,2022-11-16,2022-11-17,1,Emergency,Diabetes,0,Daniel,Doe,1971-04-18,F,San Jose,CA,52
20171,1206,2023-06-15,2023-06-19,4,General Medicine,Pneumonia,0,Maria,Johnson,1982-03-28,M,Los Angeles,CA,41
20172,1206,2022-10-15,2022-10-17,2,Orthopedics,Chest Pain,0,Maria,Johnson,1982-03-28,M,Los Angeles,CA,41
20173,1206,2022-12-19,2022-12-23,4,Oncology,Chest Pain,0,Maria,Johnson,1982-03-28,M,Los Angeles,CA,41
20174,1209,2023-10-04,2023-10-08,4,General Medicine,COVID-19,0,Arjun,Garcia,2006-08-01,F,Chicago,IL,17
20175,1210,2023-12-13,2023-12-17,4,Orthopedics,Chest Pain,0,John,Garcia,1981-09-24,M,Dallas,TX,42
20176,1213,2022-07-28,2022-08-11,14,Emergency,Pneumonia,0,Maya,Lee,1996-08-30,F,Phoenix,AZ,27
20177,1213,2022-04-26,2022-04-27,1,Orthopedics,Hypertension,0,Maya,Lee,1996-08-30,F,Phoenix,AZ,27
20178,1214,2022-10-14,2022-10-19,5,General Medicine,Pneumonia,0,Emma,Doe,1957-09-12,F,San Jose,CA,66
20179,1217,2023-02-04,2023-02-08,4,Pediatrics,Hypertension,0,Arjun,Johnson,1955-06-10,M,Dallas,TX,68
20180,1218,2022-12-14,2022-12-28,14,Orthopedics,Pneumonia,0,Liam,Garcia,1972-10-30,F,Dallas,TX,51
20181,1219,2022-10-13,2022-10-16,3,Cardiology,Chest Pain,0,Daniel,Doe,1981-03-30,F,New York,NY,42
20182,1219,2023-04-01,2023-04-06,5,Orthopedics,Appendicitis,0,Daniel,Doe,1981-03-30,F,New York,NY,42
20183,1220,2023-04-26,2023-04-28,2,Orthopedics,Diabetes,0,Zara,Nguyen,1957-12-21,M,Chicago,IL,66
20184,1220,2022-12-27,2022-12-28,1,Orthopedics,Appendicitis,0,Zara,Nguyen,1957-12-21,M,Chicago,IL,66
20185,1220,2023-03-25,2023-03-27,2,Oncology,Diabetes,0,Zara,Nguyen,1957-12-21,M,Chicago,IL,66
20186,1222,2023-02-23,2023-02-28,5,Pediatrics,Hypertension,0,Emma,Nguyen,1999-11-27,M,Houston,TX,24
20187,1223,2022-01-12,2022-01-22,10,Cardiology,Hypertension,0,Olivia,Patel,1973-10-07,M,Chicago,IL,50
20188,1224,2022-08-04,2022-08-07,3,Orthopedics,Hypertension,0,Priya,Smith,2003-01-03,F,San Antonio,TX,21
20189,1227,2023-11-06,2023-11-07,1,General Medicine,Pneumonia,0,Sophia,Shah,1956-07-13,M,Houston,TX,67
20190,1229,2022-10-16,2022-10-26,10,General Medicine,Chest Pain,0,Ethan,Doe,1962-12-20,M,San Diego,CA,61
20191,1229,2022-04-20,2022-04-27,7,General Medicine,Appendicitis,0,Ethan,Doe,1962-12-20,M,San Diego,CA,61
20192,1229,2023-03-12,2023-03-15,3,Orthopedics,Appendicitis,0,Ethan,Doe,1962-12-20,M,San Diego,CA,61
20193,1235,2023-10-15,2023-10-25,10,General Medicine,Fracture,0,Alex,Garcia,1989-08-30,F,San Diego,CA,34
20194,1235,2023-03-23,2023-03-27,4,Oncology,Hypertension,0,Alex,Garcia,1989-08-30,F,San Diego,CA,34
20195,1235,2022-09-11,2022-09-15,4,Cardiology,Pneumonia,0,Alex,Garcia,1989-08-30,F,San Diego,CA,34
20196,1237,2022-12-11,2022-12-12,1,Oncology,COVID-19,1,Alex,Brown,1995-07-30,F,San Diego,CA,28
20197,1239,2022-04-09,2022-04-10,1,Pediatrics,Hypertension,0,Emma,Chen,1975-03-19,F,Houston,TX,48
20198,1239,2023-05-09,2023-05-10,1,Oncology,Hypertension,0,Emma,Chen,1975-03-19,F,Houston,TX,48
20199,1241,2022-12-25,2022-12-27,2,Pediatrics,Hypertension,0,Zara,Johnson,1982-05-28,M,San Jose,CA,41
20200,1241,2023-02-24,2023-02-27,3,Orthopedics,COVID-19,0,Zara,Johnson,1982-05-28,M,San Jose,CA,41
20201,1243,2023-04-28,2023-04-30,2,Cardiology,Diabetes,0,Zara,Khan,1955-08-12,M,San Antonio,TX,68
20202,1244,2023-01-21,2023-01-22,1,Oncology,Diabetes,0,Asha,Shah,1964-11-06,F,San Jose,CA,59
20203,1244,2023-08-14,2023-08-18,4,General Medicine,Appendicitis,0,Asha,Shah,1964-11-06,F,San Jose,CA,59
20204,1244,2023-02-27,2023-03-03,4,General Medicine,Pneumonia,0,Asha,Shah,1964-11-06,F,San Jose,CA,59
20205,1245,2022-06-22,2022-06-23,1,Emergency,Pneumonia,0,Ethan,Shah,1989-12-11,M,San Antonio,TX,34
20206,1245,2023-05-12,2023-05-15,3,Cardiology,Fracture,0,Ethan,Shah,1989-12-11,M,San Antonio,TX,34
20207,1246,2023-05-25,2023-05-26,1,Emergency,Hypertension,0,Sophia,Doe,2007-04-24,M,New York,NY,16
20208,1247,2023-03-12,2023-03-19,7,Oncology,Chest Pain,0,Daniel,Doe,2003-05-15,F,Chicago,IL,20
20209,1248,2022-07-11,2022-07-16,5,Cardiology,Fracture,0,Maria,Wilson,1969-08-07,M,San Jose,CA,54
20210,1249,2022-01-29,2022-01-31,2,Emergency,Diabetes,0,Ethan,Lee,1978-01-22,M,Phoenix,AZ,45
20211,1251,2023-12-27,2023-12-31,4,General Medicine,Appendicitis,0,Liam,Nguyen,2003-07-16,M,Philadelphia,PA,20
20212,1251,2022-06-22,2022-06-23,1,Pediatrics,Diabetes,0,Liam,Nguyen,2003-07-16,M,Philadelphia,PA,20
20213,1252,2022-07-19,2022-07-20,1,Pediatrics,Pneumonia,0,Asha,Smith,1977-01-13,M,Dallas,TX,46
20214,1256,2023-01-01,2023-01-15,14,Cardiology,Diabetes,1,Asha,Singh,1962-04-27,M,Houston,TX,61
20215,1256,2022-07-30,2022-08-03,4,Pediatrics,Diabetes,0,Asha,Singh,1962-04-27,M,Houston,TX,61
20216,1259,2023-07-04,2023-07-05,1,Emergency,Fracture,0,Asha,Smith,1985-04-01,F,San Antonio,TX,38
20217,1259,2022-12-03,2022-12-05,2,Oncology,Hypertension,0,Asha,Smith,1985-04-01,F,San Antonio,TX,38
20218,1260,2023-07-15,2023-07-17,2,Emergency,Pneumonia,0,Sophia,Patel,1999-05-16,F,San Antonio,TX,24
20219,1262,2022-05-29,2022-05-30,1,Emergency,Chest Pain,0,Alex,Smith,1976-05-21,F,Dallas,TX,47
20220,1262,2023-01-09,2023-01-12,3,Cardiology,Diabetes,0,Alex,Smith,1976-05-21,F,Dallas,TX,47
20221,1263,2022-08-14,2022-08-15,1,Emergency,Diabetes,0,Daniel,Johnson,2006-05-10,M,Chicago,IL,17
20222,1264,2023-10-27,2023-10-29,2,Orthopedics,Appendicitis,0,Liam,Gomez,1992-09-03,M,San Jose,CA,31
20223,1268,2022-04-23,2022-04-27,4,Emergency,COVID-19,0,Priya,Nguyen,1956-01-10,F,San Antonio,TX,68
20224,1268,2023-06-28,2023-06-30,2,Cardiology,Diabetes,0,Priya,Nguyen,1956-01-10,F,San Antonio,TX,68
20225,1270,2023-10-23,2023-11-06,14,Emergency,Hypertension,0,Arjun,Gomez,1958-02-09,M,Philadelphia,PA,65
20226,1271,2022-07-22,2022-07-24,2,Cardiology,Chest Pain,0,Priya,Lee,1988-11-24,M,New York,NY,35
20227,1273,2023-06-25,2023-06-29,4,General Medicine,Hypertension,0,Sophia,Doe,2006-12-30,F,San Diego,CA,17
20228,1274,2022-02-13,2022-02-18,5,General Medicine,Hypertension,0,Alex,Shah,1982-10-09,F,Houston,TX,41
20229,1274,2023-12-02,2023-12-07,5,Oncology,Pneumonia,0,Alex,Shah,1982-10-09,F,Houston,TX,41
20230,1278,2022-05-16,2022-05-19,3,Pediatrics,Diabetes,0,Alex,Nguyen,1965-08-09,M,Chicago,IL,58
20231,1278,2022-05-09,2022-05-14,5,Pediatrics,Appendicitis,0,Alex,Nguyen,1965-08-09,M,Chicago,IL,58
20232,1281,2023-02-09,2023-02-14,5,Emergency,Pneumonia,0,Olivia,Garcia,1960-12-01,M,Phoenix,AZ,63
20233,1281,2022-03-07,2022-03-09,2,General Medicine,Pneumonia,0,Olivia,Garcia,1960-12-01,M,Phoenix,AZ,63
20234,1282,2023-08-25,2023-09-01,7,Oncology,Chest Pain,0,Asha,Wilson,1986-10-25,F,San Antonio,TX,37
20235,1284,2022-03-11,2022-03-18,7,Orthopedics,Pneumonia,1,Priya,Brown,2007-03-03,M,San Jose,CA,16
20236,1284,2022-05-12,2022-05-14,2,Pediatrics,Chest Pain,0,Priya,Brown,2007-03-03,M,San Jose,CA,16
20237,1285,2022-06-03,2022-06-05,2,Cardiology,Fracture,0,Ethan,Rao,1962-12-19,F,Philadelphia,PA,61
20238,1286,2022-02-07,2022-02-08,1,General Medicine,COVID-19,0,Sophia,Chen,1980-12-05,F,Philadelphia,PA,43
20239,1289,2023-05-30,2023-05-31,1,Orthopedics,Fracture,0,Noah,Singh,1972-01-16,M,Philadelphia,PA,51
20240,1290,2023-06-20,2023-06-24,4,Orthopedics,Diabetes,0,Emma,Doe,1984-12-05,M,Dallas,TX,39
20241,1292,2022-07-30,2022-07-31,1,General Medicine,Appendicitis,0,Zara,Doe,1997-09-20,M,Chicago,IL,26
20242,1293,2023-12-05,2023-12-08,3,Orthopedics,Diabetes,0,Zara,Johnson,1968-11-15,M,New York,NY,55
20243,1293,2022-12-16,2022-12-18,2,Oncology,Fracture,0,Zara,Johnson,1968-11-15,M,New York,NY,55
20244,1296,2022-04-28,2022-05-02,4,Pediatrics,Pneumonia,0,John,Garcia,1989-11-17,M,New York,NY,34
20245,1297,2023-12-11,2023-12-25,14,Oncology,Diabetes,0,John,Shah,1959-05-30,M,Los Angeles,CA,64
20246,1297,2022-05-17,2022-05-27,10,Cardiology,Diabetes,0,John,Shah,1959-05-30,M,Los Angeles,CA,64
20247,1298,2023-09-11,2023-09-12,1,Pediatrics,COVID-19,0,Liam,Gomez,1973-12-20,F,San Diego,CA,50
20248,1298,2023-12-11,2023-12-14,3,Pediatrics,Appendicitis,0,Liam,Gomez,1973-12-20,F,San Diego,CA,50
20249,1299,2022-10-29,2022-10-31,2,Oncology,Appendicitis,0,Liam,Patel,1979-03-27,F,Philadelphia,PA,44
20250,1300,2022-03-15,2022-03-25,10,Orthopedics,Diabetes,0,Maya,Patel,1966-02-21,M,San Jose,CA,57
20251,1301,2022-10-22,2022-10-25,3,Cardiology,Appendicitis,0,Ethan,Lee,2004-01-16,F,Dallas,TX,19
20252,1302,2022-12-30,2022-12-31,1,Emergency,COVID-19,0,Emma,Johnson,1995-06-23,F,Philadelphia,PA,28
20253,1302,2023-10-26,2023-10-29,3,Pediatrics,Diabetes,0,Emma,Johnson,1995-06-23,F,Philadelphia,PA,28
20254,1308,2023-09-10,2023-09-17,7,Pediatrics,Pneumonia,0,John,Johnson,1971-11-23,F,Dallas,TX,52
20255,1308,2022-08-16,2022-08-17,1,Oncology,Fracture,0,John,Johnson,1971-11-23,F,Dallas,TX,52
20256,1309,2022-07-15,2022-07-17,2,Oncology,Hypertension,0,Sophia,Johnson,1974-08-30,M,Los Angeles,CA,49
20257,1312,2023-04-17,2023-04-21,4,Cardiology,Appendicitis,0,Ethan,Patel,1980-12-21,M,Chicago,IL,43
20258,1316,2022-05-11,2022-05-16,5,Orthopedics,COVID-19,0,John,Gomez,1979-05-05,M,Chicago,IL,44
20259,1316,2022-11-01,2022-11-04,3,General Medicine,Hypertension,1,John,Gomez,1979-05-05,M,Chicago,IL,44
20260,1317,2023-03-01,2023-03-02,1,Orthopedics,Fracture,0,Ethan,Johnson,1997-10-14,F,Chicago,IL,26
20261,1320,2023-10-26,2023-10-27,1,Orthopedics,Appendicitis,0,Liam,Rao,1989-07-09,M,San Jose,CA,34
20262,1321,2023-08-21,2023-08-24,3,Pediatrics,Chest Pain,0,Priya,Patel,1952-11-26,F,Phoenix,AZ,71
20263,1323,2023-06-01,2023-06-11,10,Oncology,Chest Pain,0,Olivia,Garcia,1959-05-14,F,Houston,TX,64
20264,1324,2023-03-11,2023-03-15,4,General Medicine,Diabetes,0,Maria,Doe,1950-10-29,M,San Antonio,TX,73
20265,1326,2023-10-12,2023-10-26,14,Emergency,COVID-19,0,Maria,Shah,1996-07-08,M,Houston,TX,27
20266,1327,2022-10-04,2022-10-05,1,Cardiology,Fracture,0,Liam,Singh,2003-07-16,M,San Jose,CA,20
20267,1328,2023-01-11,2023-01-12,1,Emergency,Hypertension,0,Maya,Khan,1951-12-01,M,New York,NY,72
20268,1331,2023-03-23,2023-03-27,4,Pediatrics,Pneumonia,0,Alex,Garcia,1978-09-23,F,Los Angeles,CA,45
20269,1331,2022-02-13,2022-02-16,3,Orthopedics,Chest Pain,0,Alex,Garcia,1978-09-23,F,Los Angeles,CA,45
20270,1333,2023-12-10,2023-12-24,14,Oncology,COVID-19,0,Asha,Brown,1958-02-23,M,Dallas,TX,65
20271,1333,2023-08-09,2023-08-10,1,General Medicine,Hypertension,0,Asha,Brown,1958-02-23,M,Dallas,TX,65
20272,1334,2022-03-13,2022-03-18,5,Cardiology,Fracture,0,Alex,Johnson,1966-09-16,M,New York,NY,57
20273,1335,2023-04-13,2023-04-17,4,Pediatrics,Fracture,0,Zara,Singh,1998-02-06,F,Philadelphia,PA,25
20274,1335,2023-01-22,2023-01-24,2,Pediatrics,Chest Pain,0,Zara,Singh,1998-02-06,F,Philadelphia,PA,25
20275,1337,2023-06-04,2023-06-11,7,Orthopedics,Fracture,0,Arjun,Smith,2004-02-25,M,Los Angeles,CA,19
20276,1340,2023-06-28,2023-06-29,1,Pediatrics,COVID-19,0,Sophia,Singh,1964-11-25,F,San Antonio,TX,59
20277,1342,2023-11-01,2023-11-05,4,Pediatrics,Hypertension,0,Arjun,Gomez,2002-05-05,M,Dallas,TX,21
20278,1342,2022-04-12,2022-04-26,14,Oncology,Fracture,0,Arjun,Gomez,2002-05-05,M,Dallas,TX,21
20279,1344,2022-07-15,2022-07-20,5,Orthopedics,Pneumonia,0,Priya,Lee,1985-05-10,M,San Jose,CA,38
20280,1346,2023-04-22,2023-04-24,2,Cardiology,COVID-19,0,Maria,Brown,1960-12-28,M,San Antonio,TX,63
20281,1348,2023-04-02,2023-04-04,2,Orthopedics,Appendicitis,0,Ethan,Lee,1999-06-23,M,New York,NY,24
20282,1348,2022-05-11,2022-05-18,7,Cardiology,Pneumonia,0,Ethan,Lee,1999-06-23,M,New York,NY,24
20283,1348,2022-10-04,2022-10-05,1,General Medicine,Diabetes,0,Ethan,Lee,1999-06-23,M,New York,NY,24
20284,1349,2023-06-30,2023-07-02,2,Orthopedics,COVID-19,0,Maria,Gomez,1958-03-29,M,Phoenix,AZ,65
20285,1350,2023-10-24,2023-10-29,5,Orthopedics,Fracture,0,John,Brown,1995-04-13,M,Phoenix,AZ,28
20286,1350,2022-10-16,2022-10-17,1,Pediatrics,Appendicitis,0,John,Brown,1995-04-13,M,Phoenix,AZ,28
20287,1352,2023-03-30,2023-04-06,7,Pediatrics,Appendicitis,0,Olivia,Khan,1953-11-10,M,San Jose,CA,70
20288,1353,2022-07-10,2022-07-12,2,General Medicine,Fracture,0,Sophia,Garcia,1983-07-16,F,San Antonio,TX,40
20289,1357,2023-10-16,2023-10-26,10,Cardiology,COVID-19,0,Maya,Garcia,1984-04-25,M,New York,NY,39
20290,1358,2022-07-26,2022-07-28,2,Cardiology,COVID-19,0,Olivia,Singh,1970-02-08,F,Dallas,TX,53
20291,1359,2023-08-26,2023-08-28,2,Oncology,Fracture,0,Arjun,Doe,1969-09-24,F,San Antonio,TX,54
20292,1364,2022-10-08,2022-10-11,3,Oncology,Hypertension,0,John,Patel,1999-11-25,F,New York,NY,24
20293,1365,2022-03-24,2022-04-07,14,Pediatrics,Fracture,0,Emma,Smith,1979-02-25,F,Phoenix,AZ,44
20294,1366,2022-03-14,2022-03-16,2,Oncology,Hypertension,0,Maya,Chen,1973-11-12,M,Phoenix,AZ,50
20295,1366,2023-05-23,2023-05-27,4,Cardiology,COVID-19,0,Maya,Chen,1973-11-12,M,Phoenix,AZ,50
20296,1366,2022-04-30,2022-05-05,5,General Medicine,COVID-19,0,Maya,Chen,1973-11-12,M,Phoenix,AZ,50
20297,1370,2022-07-22,2022-07-23,1,Cardiology,Pneumonia,0,Ethan,Singh,1956-06-26,M,Philadelphia,PA,67
20298,1371,2022-03-09,2022-03-16,7,General Medicine,Fracture,0,Sophia,Nguyen,1982-12-18,F,Houston,TX,41
20299,1374,2022-03-03,2022-03-08,5,Orthopedics,Chest Pain,0,Noah,Singh,1962-04-23,F,San Antonio,TX,61
20300,1374,2022-02-04,2022-02-06,2,General Medicine,COVID-19,0,Noah,Singh,1962-04-23,F,San Antonio,TX,61
20301,1375,2022-10-31,2022-11-07,7,Orthopedics,Hypertension,0,Sophia,Shah,1979-10-29,M,San Diego,CA,44
20302,1378,2022-03-06,2022-03-07,1,Emergency,Pneumonia,0,Liam,Singh,1980-01-10,F,Chicago,IL,44
20303,1378,2023-02-28,2023-03-02,2,Emergency,Chest Pain,0,Liam,Singh,1980-01-10,F,Chicago,IL,44
20304,1378,2023-07-13,2023-07-14,1,Oncology,Pneumonia,0,Liam,Singh,1980-01-10,F,Chicago,IL,44
20305,1381,2023-05-20,2023-05-25,5,Cardiology,Appendicitis,0,Liam,Smith,2005-03-06,F,New York,NY,18
20306,1382,2023-02-10,2023-02-15,5,Pediatrics,Chest Pain,1,Ethan,Shah,1996-06-06,M,Chicago,IL,27
20307,1385,2022-09-19,2022-09-26,7,Cardiology,Chest Pain,0,Liam,Shah,1963-01-30,M,San Jose,CA,60
20308,1385,2023-07-27,2023-07-30,3,General Medicine,Hypertension,0,Liam,Shah,1963-01-30,M,San Jose,CA,60
20309,1388,2023-02-28,2023-03-03,3,Pediatrics,Diabetes,0,Asha,Chen,1956-10-27,M,San Jose,CA,67
20310,1389,2023-12-02,2023-12-03,1,Cardiology,COVID-19,0,Liam,Patel,1991-12-20,F,New York,NY,32
20311,1394,2022-12-29,2022-12-30,1,Oncology,Appendicitis,0,Emma,Brown,1994-11-14,M,Houston,TX,29
20312,1394,2022-12-10,2022-12-11,1,Oncology,Pneumonia,0,Emma,Brown,1994-11-14,M,Houston,TX,29
20313,1397,2023-02-01,2023-02-05,4,General Medicine,Hypertension,0,Olivia,Khan,2008-03-10,F,New York,NY,15
20314,1398,2023-07-11,2023-07-13,2,Oncology,Hypertension,0,Alex,Smith,1952-05-26,M,San Jose,CA,71
20315,1400,2022-08-28,2022-08-30,2,Emergency,Pneumonia,0,Arjun,Smith,1991-08-16,F,San Jose,CA,32
20316,1400,2022-09-07,2022-09-12,5,Cardiology,Diabetes,0,Arjun,Smith,1991-08-16,F,San Jose,CA,32
20317,1402,2023-10-20,2023-10-21,1,Cardiology,Fracture,0,Zara,Patel,1969-05-20,F,Dallas,TX,54
20318,1402,2023-10-01,2023-10-05,4,Orthopedics,Hypertension,0,Zara,Patel,1969-05-20,F,Dallas,TX,54
20319,1403,2022-04-23,2022-04-24,1,Emergency,COVID-19,0,Maya,Khan,1971-11-14,F,San Diego,CA,52
20320,1405,2023-03-26,2023-04-02,7,Cardiology,Fracture,0,Liam,Rao,1962-03-24,F,Dallas,TX,61
20321,1405,2022-07-29,2022-07-30,1,Oncology,Fracture,0,Liam,Rao,1962-03-24,F,Dallas,TX,61
20322,1408,2023-01-22,2023-01-25,3,Oncology,Chest Pain,0,John,Chen,1999-06-30,F,Philadelphia,PA,24
20323,1408,2022-03-22,2022-03-26,4,Oncology,Fracture,0,John,Chen,1999-06-30,F,Philadelphia,PA,24
20324,1412,2022-10-06,2022-10-13,7,Oncology,Diabetes,0,John,Patel,1988-08-07,F,San Antonio,TX,35
20325,1412,2022-10-04,2022-10-08,4,General Medicine,COVID-19,0,John,Patel,1988-08-07,F,San Antonio,TX,35
20326,1413,2023-09-26,2023-09-30,4,Emergency,Appendicitis,0,Liam,Wilson,1964-03-05,M,San Jose,CA,59
20327,1415,2022-02-10,2022-02-13,3,Oncology,COVID-19,0,Emma,Garcia,1972-09-30,F,San Diego,CA,51
20328,1416,2022-04-28,2022-05-03,5,Emergency,Hypertension,0,Zara,Wilson,1966-04-16,F,Dallas,TX,57
20329,1421,2022-05-28,2022-05-30,2,Cardiology,Diabetes,0,Alex,Smith,1999-06-01,M,Chicago,IL,24
20330,1425,2023-07-30,2023-08-03,4,Orthopedics,Appendicitis,0,Zara,Wilson,1971-05-16,M,San Jose,CA,52
20331,1425,2023-09-20,2023-09-24,4,Pediatrics,COVID-19,0,Zara,Wilson,1971-05-16,M,San Jose,CA,52
20332,1428,2022-12-10,2022-12-13,3,General Medicine,COVID-19,1,Daniel,Nguyen,2004-11-29,M,San Diego,CA,19
20333,1435,2023-06-26,2023-06-27,1,Cardiology,Appendicitis,0,Daniel,Johnson,1976-06-15,M,Houston,TX,47
20334,1438,2022-07-20,2022-08-03,14,General Medicine,Diabetes,0,Zara,Brown,1972-04-05,M,Houston,TX,51
20335,1439,2022-04-19,2022-05-03,14,Oncology,Appendicitis,0,Ethan,Lee,2003-06-23,F,Chicago,IL,20
20336,1440,2022-12-31,2023-01-05,5,Emergency,Hypertension,0,Alex,Johnson,2006-06-29,F,San Diego,CA,17
20337,1440,2023-07-08,2023-07-15,7,Cardiology,Appendicitis,0,Alex,Johnson,2006-06-29,F,San Diego,CA,17
20338,1442,2023-06-17,2023-07-01,14,General Medicine,Hypertension,0,Alex,Brown,1959-08-08,F,Chicago,IL,64
20339,1444,2023-04-28,2023-04-29,1,General Medicine,Hypertension,0,Priya,Gomez,1969-11-10,M,New York,NY,54
20340,1446,2022-08-02,2022-08-06,4,Cardiology,COVID-19,0,John,Garcia,1975-11-01,M,New York,NY,48
20341,1446,2022-06-14,2022-06-19,5,Cardiology,Hypertension,0,John,Garcia,1975-11-01,M,New York,NY,48
20342,1447,2022-04-01,2022-04-11,10,Oncology,Hypertension,0,Maya,Khan,2009-01-23,F,San Diego,CA,14
20343,1447,2023-11-16,2023-11-19,3,Pediatrics,Chest Pain,0,Maya,Khan,2009-01-23,F,San Diego,CA,14
20344,1447,2023-01-30,2023-02-02,3,Oncology,Chest Pain,0,Maya,Khan,2009-01-23,F,San Diego,CA,14
20345,1448,2023-06-08,2023-06-22,14,Oncology,Hypertension,0,Noah,Johnson,1980-12-19,M,San Diego,CA,43
20346,1449,2023-08-05,2023-08-09,4,Cardiology,Fracture,0,Ethan,Brown,1986-05-28,F,Houston,TX,37
20347,1452,2023-12-16,2023-12-26,10,General Medicine,Chest Pain,0,Arjun,Garcia,1980-07-13,F,New York,NY,43
20348,1453,2023-08-27,2023-09-03,7,General Medicine,Hypertension,0,Asha,Doe,1978-08-19,M,Chicago,IL,45
20349,1453,2022-12-31,2023-01-03,3,Cardiology,Appendicitis,1,Asha,Doe,1978-08-19,M,Chicago,IL,45
20350,1456,2022-05-27,2022-05-29,2,Pediatrics,COVID-19,0,Olivia,Doe,1966-02-07,M,Los Angeles,CA,57
20351,1458,2023-12-21,2023-12-26,5,Orthopedics,Diabetes,0,Emma,Lee,1957-10-20,F,San Jose,CA,66
20352,1460,2022-10-04,2022-10-06,2,Orthopedics,Hypertension,0,Olivia,Rao,1982-08-23,F,Philadelphia,PA,41
20353,1460,2023-10-26,2023-10-31,5,Orthopedics,Hypertension,0,Olivia,Rao,1982-08-23,F,Philadelphia,PA,41
20354,1461,2022-04-23,2022-04-24,1,Cardiology,Appendicitis,0,Maya,Lee,1956-10-25,M,Los Angeles,CA,67
20355,1461,2023-08-02,2023-08-07,5,Pediatrics,COVID-19,0,Maya,Lee,1956-10-25,M,Los Angeles,CA,67
20356,1462,2023-10-10,2023-10-15,5,Oncology,Appendicitis,0,Noah,Brown,1976-11-23,F,San Jose,CA,47
20357,1463,2022-04-14,2022-04-16,2,Emergency,Pneumonia,0,Sophia,Singh,1975-03-18,M,Chicago,IL,48
20358,1463,2023-01-19,2023-01-23,4,Oncology,Fracture,0,Sophia,Singh,1975-03-18,M,Chicago,IL,48
20359,1465,2023-11-16,2023-11-20,4,General Medicine,Diabetes,0,Alex,Johnson,1994-10-21,M,San Antonio,TX,29
20360,1467,2022-06-11,2022-06-16,5,Cardiology,Diabetes,0,Sophia,Brown,2002-08-19,F,San Jose,CA,21
20361,1467,2022-07-07,2022-07-08,1,Pediatrics,COVID-19,0,Sophia,Brown,2002-08-19,F,San Jose,CA,21
20362,1468,2022-10-17,2022-10-19,2,Emergency,Chest Pain,0,Arjun,Brown,1966-02-04,F,Dallas,TX,57
20363,1469,2022-01-27,2022-01-28,1,Emergency,Diabetes,0,Emma,Doe,1994-10-04,M,Houston,TX,29
20364,1470,2023-06-17,2023-06-19,2,General Medicine,Diabetes,0,Alex,Rao,1952-05-01,F,Dallas,TX,71
20365,1470,2022-10-08,2022-10-09,1,General Medicine,Chest Pain,0,Alex,Rao,1952-05-01,F,Dallas,TX,71
20366,1471,2022-01-10,2022-01-17,7,Emergency,COVID-19,0,Liam,Shah,1999-06-24,F,Dallas,TX,24
20367,1472,2022-06-27,2022-07-02,5,Emergency,Pneumonia,0,Ethan,Patel,1968-09-16,M,Los Angeles,CA,55
20368,1473,2023-12-04,2023-12-05,1,Orthopedics,Pneumonia,0,Maya,Singh,1982-09-08,F,Los Angeles,CA,41
20369,1474,2022-10-17,2022-10-18,1,Pediatrics,Fracture,0,Daniel,Shah,1956-08-24,F,New York,NY,67
20370,1476,2022-08-29,2022-09-01,3,Cardiology,Hypertension,0,Olivia,Doe,1963-11-01,M,San Diego,CA,60
20371,1478,2023-01-25,2023-01-27,2,Oncology,Chest Pain,0,Maya,Shah,1964-10-01,M,Philadelphia,PA,59
20372,1483,2023-09-04,2023-09-14,10,Cardiology,Diabetes,0,Priya,Chen,1997-10-11,M,Dallas,TX,26
20373,1486,2023-04-16,2023-04-19,3,Pediatrics,Chest Pain,0,Ethan,Lee,2006-02-07,M,Phoenix,AZ,17
20374,1486,2023-12-30,2024-01-04,5,Emergency,Hypertension,0,Ethan,Lee,2006-02-07,M,Phoenix,AZ,17
20375,1488,2023-03-28,2023-04-02,5,Pediatrics,Chest Pain,0,Olivia,Smith,1959-03-28,F,San Jose,CA,64
20376,1488,2023-06-17,2023-06-20,3,Oncology,Pneumonia,0,Olivia,Smith,1959-03-28,F,San Jose,CA,64
20377,1488,2022-10-20,2022-10-21,1,General Medicine,COVID-19,0,Olivia,Smith,1959-03-28,F,San Jose,CA,64
20378,1489,2022-10-30,2022-10-31,1,Oncology,Fracture,0,Arjun,Singh,1983-04-19,M,Philadelphia,PA,40
20379,1489,2022-08-15,2022-08-17,2,General Medicine,Fracture,0,Arjun,Singh,1983-04-19,M,Philadelphia,PA,40
20380,1490,2023-02-01,2023-02-04,3,Pediatrics,Hypertension,0,Sophia,Brown,1955-09-14,F,San Antonio,TX,68
20381,1492,2022-04-10,2022-04-14,4,Cardiology,Hypertension,0,Alex,Brown,1991-11-27,F,Los Angeles,CA,32
20382,1492,2022-06-11,2022-06-13,2,Oncology,Pneumonia,0,Alex,Brown,1991-11-27,F,Los Angeles,CA,32
20383,1494,2023-06-24,2023-06-29,5,Emergency,Chest Pain,0,Arjun,Garcia,1980-10-31,F,Chicago,IL,43
20384,1494,2022-12-22,2022-12-23,1,Pediatrics,COVID-19,0,Arjun,Garcia,1980-10-31,F,Chicago,IL,43
20385,1495,2023-07-19,2023-07-21,2,General Medicine,Hypertension,0,John,Singh,1951-02-22,M,Houston,TX,72
20386,1495,2023-07-12,2023-07-14,2,Oncology,Appendicitis,0,John,Singh,1951-02-22,M,Houston,TX,72
20387,1496,2023-01-22,2023-01-25,3,Oncology,Fracture,0,Emma,Patel,1974-02-12,M,Houston,TX,49
20388,1496,2022-07-01,2022-07-03,2,Orthopedics,Hypertension,0,Emma,Patel,1974-02-12,M,Houston,TX,49
20389,1496,2023-02-13,2023-02-27,14,Cardiology,Chest Pain,0,Emma,Patel,1974-02-12,M,Houston,TX,49
20390,1497,2022-06-05,2022-06-07,2,Cardiology,Appendicitis,0,Zara,Johnson,2005-09-27,F,Dallas,TX,18
20391,1499,2022-06-24,2022-07-01,7,Orthopedics,Fracture,0,Arjun,Nguyen,1997-02-12,M,San Jose,CA,26
20392,1499,2022-05-14,2022-05-17,3,Orthopedics,Chest Pain,0,Arjun,Nguyen,1997-02-12,M,San Jose,CA,26
20393,1501,2023-09-30,2023-10-04,4,Oncology,Pneumonia,0,Zara,Johnson,1981-01-16,M,Philadelphia,PA,42
20394,1502,2022-08-16,2022-08-23,7,Emergency,Hypertension,0,Emma,Chen,1951-02-17,M,San Diego,CA,72
20395,1503,2022-08-02,2022-08-03,1,General Medicine,Chest Pain,0,Liam,Gomez,1970-08-27,M,San Jose,CA,53
20396,1503,2023-05-04,2023-05-14,10,Cardiology,COVID-19,0,Liam,Gomez,1970-08-27,M,San Jose,CA,53
20397,1503,2022-07-24,2022-07-29,5,Emergency,Diabetes,0,Liam,Gomez,1970-08-27,M,San Jose,CA,53
20398,1505,2022-05-23,2022-05-27,4,Pediatrics,Hypertension,0,Alex,Shah,1951-12-30,F,San Antonio,TX,72
20399,1505,2023-06-13,2023-06-15,2,Pediatrics,Diabetes,0,Alex,Shah,1951-12-30,F,San Antonio,TX,72
20400,1505,2022-12-28,2023-01-04,7,General Medicine,Appendicitis,0,Alex,Shah,1951-12-30,F,San Antonio,TX,72
20401,1505,2023-05-22,2023-05-26,4,General Medicine,Pneumonia,0,Alex,Shah,1951-12-30,F,San Antonio,TX,72
20402,1506,2023-02-16,2023-02-20,4,Pediatrics,COVID-19,0,Emma,Johnson,1981-12-01,F,Los Angeles,CA,42
20403,1506,2023-11-18,2023-11-28,10,Orthopedics,Chest Pain,0,Emma,Johnson,1981-12-01,F,Los Angeles,CA,42
20404,1507,2023-05-04,2023-05-08,4,Orthopedics,Pneumonia,0,Olivia,Singh,1966-05-25,M,Chicago,IL,57
20405,1508,2022-09-05,2022-09-06,1,Oncology,Fracture,1,Noah,Gomez,2001-09-18,F,Houston,TX,22
20406,1508,2022-01-15,2022-01-17,2,Orthopedics,Fracture,0,Noah,Gomez,2001-09-18,F,Houston,TX,22
20407,1509,2023-08-13,2023-08-16,3,General Medicine,COVID-19,0,John,Brown,1958-02-15,M,Phoenix,AZ,65
20408,1509,2022-01-03,2022-01-04,1,Oncology,Fracture,0,John,Brown,1958-02-15,M,Phoenix,AZ,65
20409,1509,2023-03-04,2023-03-11,7,Cardiology,Appendicitis,0,John,Brown,1958-02-15,M,Phoenix,AZ,65
20410,1511,2023-05-07,2023-05-21,14,Orthopedics,COVID-19,0,Arjun,Chen,2002-06-27,F,Chicago,IL,21
20411,1511,2022-09-09,2022-09-23,14,Cardiology,COVID-19,0,Arjun,Chen,2002-06-27,F,Chicago,IL,21
20412,1512,2023-08-24,2023-09-03,10,Cardiology,Fracture,0,Alex,Shah,1993-12-09,F,Chicago,IL,30
20413,1512,2022-06-03,2022-06-04,1,Pediatrics,Fracture,0,Alex,Shah,1993-12-09,F,Chicago,IL,30
20414,1513,2022-09-30,2022-10-14,14,Emergency,Diabetes,0,Priya,Johnson,1997-12-06,F,Phoenix,AZ,26
20415,1514,2022-01-08,2022-01-13,5,Orthopedics,COVID-19,0,Maria,Gomez,2006-01-10,F,San Antonio,TX,17
20416,1514,2023-08-29,2023-09-02,4,Orthopedics,Hypertension,0,Maria,Gomez,2006-01-10,F,San Antonio,TX,17
20417,1516,2022-03-27,2022-03-31,4,Cardiology,Pneumonia,0,Alex,Nguyen,1963-11-22,M,Philadelphia,PA,60
20418,1517,2022-06-05,2022-06-07,2,Oncology,Fracture,0,Ethan,Nguyen,1963-12-23,M,New York,NY,60
20419,1520,2023-09-05,2023-09-07,2,Oncology,Diabetes,0,Asha,Khan,1982-12-22,F,Philadelphia,PA,41
20420,1520,2023-10-15,2023-10-16,1,General Medicine,Hypertension,0,Asha,Khan,1982-12-22,F,Philadelphia,PA,41
20421,1522,2022-11-23,2022-11-25,2,General Medicine,Diabetes,0,Ethan,Chen,2005-03-03,F,San Jose,CA,18
20422,1522,2023-09-21,2023-09-22,1,Pediatrics,Appendicitis,0,Ethan,Chen,2005-03-03,F,San Jose,CA,18
20423,1522,2022-12-25,2022-12-29,4,Orthopedics,Diabetes,0,Ethan,Chen,2005-03-03,F,San Jose,CA,18
20424,1523,2023-11-24,2023-11-26,2,Orthopedics,Diabetes,0,Arjun,Shah,1965-06-15,M,Houston,TX,58
20425,1526,2022-09-23,2022-09-30,7,Emergency,COVID-19,0,Noah,Johnson,1957-12-24,M,New York,NY,66
20426,1528,2023-08-03,2023-08-07,4,Oncology,COVID-19,0,Asha,Smith,1987-03-12,M,New York,NY,36
20427,1529,2022-10-09,2022-10-16,7,Oncology,Pneumonia,0,Alex,Singh,1983-04-02,F,San Antonio,TX,40
20428,1531,2023-04-07,2023-04-12,5,General Medicine,Fracture,0,Asha,Lee,1974-01-22,F,San Diego,CA,49
20429,1531,2023-02-03,2023-02-06,3,General Medicine,Hypertension,0,Asha,Lee,1974-01-22,F,San Diego,CA,49
20430,1534,2023-05-09,2023-05-10,1,Orthopedics,Fracture,0,Zara,Nguyen,1998-08-06,M,San Diego,CA,25
20431,1535,2022-10-07,2022-10-14,7,General Medicine,Fracture,0,Liam,Khan,2007-02-27,M,Los Angeles,CA,16
20432,1535,2022-06-13,2022-06-17,4,Oncology,COVID-19,0,Liam,Khan,2007-02-27,M,Los Angeles,CA,16
20433,1536,2023-03-09,2023-03-12,3,Pediatrics,Appendicitis,0,Emma,Wilson,1951-11-30,M,San Antonio,TX,72
20434,1540,2023-12-01,2023-12-04,3,Pediatrics,Hypertension,0,Arjun,Gomez,1995-12-10,F,Chicago,IL,28
20435,1541,2022-03-26,2022-03-28,2,Cardiology,Fracture,0,Noah,Nguyen,1970-04-06,F,San Jose,CA,53
20436,1543,2023-05-26,2023-05-30,4,Oncology,Chest Pain,0,Noah,Doe,1961-12-09,M,Dallas,TX,62
20437,1543,2022-12-09,2022-12-13,4,General Medicine,Hypertension,0,Noah,Doe,1961-12-09,M,Dallas,TX,62
20438,1544,2022-07-25,2022-07-26,1,Pediatrics,Pneumonia,0,Arjun,Gomez,1956-11-07,F,Dallas,TX,67
20439,1545,2023-06-12,2023-06-17,5,Pediatrics,Diabetes,0,Arjun,Patel,1996-10-27,F,Chicago,IL,27
20440,1546,2023-07-25,2023-07-28,3,Cardiology,Pneumonia,0,Zara,Gomez,2002-06-23,M,New York,NY,21
20441,1549,2023-04-25,2023-04-26,1,Orthopedics,Diabetes,0,Alex,Doe,1972-10-27,F,Chicago,IL,51
20442,1550,2022-06-02,2022-06-03,1,Orthopedics,Chest Pain,0,Daniel,Nguyen,2008-06-29,F,Chicago,IL,15
20443,1551,2022-03-22,2022-04-01,10,Pediatrics,Appendicitis,0,Emma,Nguyen,1962-04-19,F,Houston,TX,61
20444,1551,2022-04-14,2022-04-15,1,Oncology,Hypertension,0,Emma,Nguyen,1962-04-19,F,Houston,TX,61
20445,1552,2023-01-13,2023-01-18,5,Orthopedics,Chest Pain,0,Daniel,Smith,1980-06-22,M,Houston,TX,43
20446,1554,2022-05-21,2022-05-23,2,General Medicine,Pneumonia,0,Alex,Nguyen,2004-10-24,M,San Diego,CA,19
20447,1557,2022-07-11,2022-07-14,3,General Medicine,Pneumonia,0,Alex,Patel,2000-10-05,M,Phoenix,AZ,23
20448,1557,2022-04-10,2022-04-15,5,General Medicine,Diabetes,0,Alex,Patel,2000-10-05,M,Phoenix,AZ,23
20449,1560,2022-09-27,2022-10-04,7,Orthopedics,COVID-19,0,Maya,Singh,1980-08-05,F,Los Angeles,CA,43
20450,1561,2022-06-17,2022-06-18,1,Oncology,Pneumonia,0,Alex,Brown,1962-12-13,F,New York,NY,61
20451,1562,2023-04-28,2023-05-08,10,Orthopedics,Diabetes,0,Noah,Smith,1975-08-06,M,Dallas,TX,48
20452,1562,2023-07-09,2023-07-16,7,Pediatrics,Hypertension,0,Noah,Smith,1975-08-06,M,Dallas,TX,48
20453,1565,2023-01-10,2023-01-14,4,Emergency,Hypertension,0,Zara,Chen,1961-11-09,F,Dallas,TX,62
20454,1565,2023-08-18,2023-08-22,4,Pediatrics,Diabetes,0,Zara,Chen,1961-11-09,F,Dallas,TX,62
20455,1565,2022-05-04,2022-05-05,1,General Medicine,Hypertension,0,Zara,Chen,1961-11-09,F,Dallas,TX,62
20456,1569,2022-03-10,2022-03-11,1,Cardiology,COVID-19,0,Emma,Brown,1992-01-29,M,San Jose,CA,31
20457,1572,2023-03-26,2023-03-28,2,Emergency,Appendicitis,0,Liam,Wilson,1969-04-27,F,Philadelphia,PA,54
20458,1573,2022-08-03,2022-08-06,3,Oncology,Diabetes,0,Arjun,Nguyen,1981-07-13,M,Phoenix,AZ,42
20459,1573,2023-02-08,2023-02-10,2,Cardiology,Fracture,0,Arjun,Nguyen,1981-07-13,M,Phoenix,AZ,42
20460,1573,2023-12-15,2023-12-25,10,Pediatrics,Chest Pain,0,Arjun,Nguyen,1981-07-13,M,Phoenix,AZ,42
20461,1574,2022-11-18,2022-12-02,14,Orthopedics,Diabetes,0,Olivia,Nguyen,1981-06-20,M,San Antonio,TX,42
20462,1576,2023-11-20,2023-11-22,2,Emergency,Appendicitis,0,Alex,Nguyen,2009-05-08,F,Los Angeles,CA,14
20463,1576,2022-04-08,2022-04-11,3,Cardiology,Pneumonia,0,Alex,Nguyen,2009-05-08,F,Los Angeles,CA,14
20464,1578,2022-10-22,2022-10-23,1,Cardiology,Fracture,0,Olivia,Johnson,1998-02-13,F,Chicago,IL,25
20465,1578,2022-01-20,2022-01-22,2,Oncology,Hypertension,0,Olivia,Johnson,1998-02-13,F,Chicago,IL,25
20466,1579,2023-01-02,2023-01-06,4,Emergency,Hypertension,0,Emma,Johnson,1967-04-15,F,Phoenix,AZ,56
20467,1580,2022-10-10,2022-10-14,4,Cardiology,Chest Pain,0,Zara,Brown,2002-03-14,F,San Antonio,TX,21
20468,1581,2022-04-10,2022-04-12,2,Oncology,Appendicitis,0,Maria,Smith,1999-01-28,M,San Antonio,TX,24
20469,1585,2023-07-14,2023-07-15,1,Emergency,COVID-19,0,Emma,Rao,1973-10-18,M,Dallas,TX,50
20470,1586,2022-10-11,2022-10-15,4,Pediatrics,Pneumonia,0,Priya,Rao,1970-07-09,M,Dallas,TX,53
20471,1587,2022-03-14,2022-03-21,7,General Medicine,COVID-19,0,Sophia,Gomez,1961-10-22,M,San Jose,CA,62
20472,1587,2022-09-19,2022-10-03,14,Pediatrics,Diabetes,0,Sophia,Gomez,1961-10-22,M,San Jose,CA,62
20473,1587,2023-01-05,2023-01-10,5,Emergency,COVID-19,0,Sophia,Gomez,1961-10-22,M,San Jose,CA,62
20474,1588,2023-02-13,2023-02-16,3,General Medicine,Diabetes,0,Noah,Nguyen,1953-08-17,F,Dallas,TX,70
20475,1590,2022-09-05,2022-09-07,2,Oncology,Chest Pain,0,Emma,Brown,2004-05-27,F,San Antonio,TX,19
20476,1591,2022-02-08,2022-02-09,1,Oncology,COVID-19,0,Emma,Singh,1954-12-16,M,New York,NY,69
20477,1591,2023-04-25,2023-05-05,10,Oncology,Chest Pain,0,Emma,Singh,1954-12-16,M,New York,NY,69
20478,1595,2022-11-10,2022-11-14,4,General Medicine,Hypertension,0,Maya,Rao,2006-04-27,F,Chicago,IL,17
20479,1598,2022-06-13,2022-06-23,10,Oncology,Fracture,0,John,Doe,2006-07-18,M,San Diego,CA,17
20480,1600,2023-11-22,2023-11-27,5,Emergency,Chest Pain,0,Maria,Lee,2008-02-19,M,San Diego,CA,15
20481,1600,2023-05-24,2023-05-28,4,Cardiology,Fracture,0,Maria,Lee,2008-02-19,M,San Diego,CA,15
20482,1603,2023-03-21,2023-03-28,7,Pediatrics,COVID-19,0,Daniel,Wilson,1985-11-29,M,Chicago,IL,38
20483,1603,2023-11-11,2023-11-14,3,Oncology,Pneumonia,0,Daniel,Wilson,1985-11-29,M,Chicago,IL,38
20484,1603,2023-07-03,2023-07-08,5,Orthopedics,Chest Pain,0,Daniel,Wilson,1985-11-29,M,Chicago,IL,38
20485,1604,2023-11-29,2023-11-30,1,Emergency,Chest Pain,0,Sophia,Smith,1976-03-21,M,Phoenix,AZ,47
20486,1605,2022-03-29,2022-04-08,10,Orthopedics,COVID-19,0,Sophia,Patel,1977-10-16,M,San Diego,CA,46
20487,1606,2022-05-01,2022-05-03,2,Pediatrics,COVID-19,0,Emma,Khan,2003-04-09,M,Dallas,TX,20
20488,1610,2022-03-10,2022-03-11,1,Emergency,Diabetes,0,Maria,Patel,1951-05-20,M,Los Angeles,CA,72
20489,1610,2022-10-10,2022-10-13,3,General Medicine,Pneumonia,0,Maria,Patel,1951-05-20,M,Los Angeles,CA,72
20490,1610,2022-10-04,2022-10-09,5,Orthopedics,Diabetes,0,Maria,Patel,1951-05-20,M,Los Angeles,CA,72
20491,1611,2023-07-21,2023-07-31,10,Cardiology,Pneumonia,0,Arjun,Shah,1953-04-29,F,Dallas,TX,70
20492,1611,2022-06-26,2022-06-29,3,Oncology,Hypertension,0,Arjun,Shah,1953-04-29,F,Dallas,TX,70
20493,1612,2022-05-17,2022-05-18,1,Oncology,Pneumonia,0,John,Khan,1954-03-12,M,San Diego,CA,69
20494,1614,2022-03-28,2022-04-04,7,Emergency,COVID-19,0,John,Rao,1997-05-26,F,Phoenix,AZ,26
20495,1615,2023-12-27,2023-12-29,2,Pediatrics,COVID-19,0,Zara,Chen,1963-10-09,M,Chicago,IL,60
20496,1617,2023-09-16,2023-09-17,1,Cardiology,Pneumonia,0,Maya,Brown,1995-03-23,F,Chicago,IL,28
20497,1619,2023-10-24,2023-10-27,3,General Medicine,Chest Pain,0,John,Patel,1959-12-07,M,New York,NY,64
20498,1619,2023-09-30,2023-10-01,1,Pediatrics,Pneumonia,0,John,Patel,1959-12-07,M,New York,NY,64
20499,1624,2022-07-25,2022-07-26,1,Cardiology,Hypertension,0,Noah,Doe,1980-02-16,M,New York,NY,43
20500,1627,2022-12-29,2023-01-02,4,Oncology,Appendicitis,0,Noah,Chen,1982-01-17,F,Chicago,IL,41
20501,1629,2022-06-24,2022-06-29,5,Emergency,COVID-19,0,Sophia,Gomez,1966-12-13,F,San Antonio,TX,57
20502,1631,2022-04-03,2022-04-06,3,General Medicine,COVID-19,0,Alex,Johnson,2004-02-07,F,Chicago,IL,19
20503,1632,2022-10-22,2022-10-23,1,Emergency,Appendicitis,0,Sophia,Rao,1965-06-16,M,Chicago,IL,58
20504,1635,2022-04-13,2022-04-16,3,Orthopedics,Fracture,0,Maya,Brown,1976-04-02,M,San Diego,CA,47
20505,1636,2023-01-22,2023-01-26,4,Orthopedics,COVID-19,0,Olivia,Johnson,1982-05-22,M,San Diego,CA,41
20506,1637,2022-01-25,2022-01-30,5,Orthopedics,Pneumonia,0,Priya,Brown,1972-01-19,M,San Diego,CA,51
20507,1638,2023-08-21,2023-08-28,7,Pediatrics,Chest Pain,0,Noah,Nguyen,1959-02-13,F,New York,NY,64
20508,1640,2022-12-05,2022-12-12,7,Emergency,Chest Pain,0,Olivia,Garcia,1973-09-19,M,Phoenix,AZ,50
20509,1641,2023-06-26,2023-06-30,4,Orthopedics,Chest Pain,0,Alex,Chen,1969-06-24,M,Dallas,TX,54
20510,1645,2022-10-19,2022-10-26,7,Pediatrics,Hypertension,0,Olivia,Chen,1980-03-07,M,New York,NY,43
20511,1646,2022-11-29,2022-12-06,7,Orthopedics,Hypertension,0,Emma,Smith,2008-09-20,F,Philadelphia,PA,15
20512,1647,2022-01-03,2022-01-05,2,Emergency,Appendicitis,0,Asha,Patel,1951-10-30,F,San Diego,CA,72
20513,1647,2022-02-28,2022-03-05,5,Emergency,Chest Pain,0,Asha,Patel,1951-10-30,F,San Diego,CA,72
20514,1651,2022-03-03,2022-03-10,7,Emergency,Appendicitis,0,Alex,Patel,1960-03-08,M,Dallas,TX,63
20515,1652,2023-05-19,2023-05-22,3,Emergency,Chest Pain,0,Noah,Wilson,2002-05-17,M,Phoenix,AZ,21
20516,1653,2023-01-03,2023-01-08,5,Orthopedics,COVID-19,0,Arjun,Rao,1970-06-28,F,Chicago,IL,53
20517,1654,2023-04-30,2023-05-02,2,Cardiology,Chest Pain,0,John,Brown,1951-06-24,F,San Diego,CA,72
20518,1656,2023-03-18,2023-03-28,10,General Medicine,COVID-19,0,Maria,Shah,1963-03-29,F,San Antonio,TX,60
20519,1657,2023-05-05,2023-05-09,4,Emergency,Chest Pain,0,Asha,Johnson,2005-03-12,F,San Antonio,TX,18
20520,1659,2022-02-23,2022-02-25,2,Cardiology,COVID-19,0,Asha,Wilson,1990-08-16,F,San Jose,CA,33
20521,1661,2023-10-12,2023-10-15,3,General Medicine,Hypertension,0,Maria,Rao,1964-07-26,M,San Jose,CA,59
20522,1661,2023-08-16,2023-08-20,4,Oncology,Chest Pain,0,Maria,Rao,1964-07-26,M,San Jose,CA,59
20523,1663,2023-01-04,2023-01-06,2,Pediatrics,Pneumonia,0,Olivia,Gomez,1957-08-11,M,New York,NY,66
20524,1665,2023-11-16,2023-11-23,7,Oncology,COVID-19,0,Alex,Garcia,1954-05-01,M,New York,NY,69
20525,1665,2023-09-14,2023-09-16,2,Pediatrics,Pneumonia,0,Alex,Garcia,1954-05-01,M,New York,NY,69
20526,1667,2022-12-06,2022-12-11,5,Orthopedics,Hypertension,0,Noah,Johnson,1984-09-16,M,Philadelphia,PA,39
20527,1667,2022-06-10,2022-06-13,3,Orthopedics,Diabetes,0,Noah,Johnson,1984-09-16,M,Philadelphia,PA,39
20528,1670,2023-06-01,2023-06-05,4,Cardiology,Fracture,0,Daniel,Smith,1963-02-26,M,Houston,TX,60
20529,1671,2023-01-01,2023-01-08,7,Oncology,Fracture,0,Olivia,Wilson,1999-11-22,F,San Diego,CA,24
20530,1672,2022-07-01,2022-07-06,5,Cardiology,Hypertension,1,Ethan,Smith,1977-10-02,F,Chicago,IL,46
20531,1672,2022-01-27,2022-02-10,14,Orthopedics,COVID-19,0,Ethan,Smith,1977-10-02,F,Chicago,IL,46
20532,1672,2022-04-01,2022-04-08,7,Pediatrics,Pneumonia,0,Ethan,Smith,1977-10-02,F,Chicago,IL,46
20533,1672,2022-12-31,2023-01-03,3,Oncology,COVID-19,0,Ethan,Smith,1977-10-02,F,Chicago,IL,46
20534,1675,2023-05-23,2023-05-27,4,Pediatrics,Fracture,0,Asha,Brown,1964-01-12,M,San Jose,CA,60
20535,1675,2022-06-15,2022-06-16,1,Orthopedics,Fracture,0,Asha,Brown,1964-01-12,M,San Jose,CA,60
20536,1675,2023-03-09,2023-03-14,5,Emergency,COVID-19,0,Asha,Brown,1964-01-12,M,San Jose,CA,60
20537,1676,2022-07-27,2022-07-30,3,Orthopedics,Fracture,0,Arjun,Lee,1952-10-12,M,San Jose,CA,71
20538,1676,2022-12-05,2022-12-09,4,General Medicine,Diabetes,1,Arjun,Lee,1952-10-12,M,San Jose,CA,71
20539,1677,2022-03-15,2022-03-16,1,General Medicine,Chest Pain,0,Liam,Khan,1956-01-03,M,Houston,TX,68
20540,1678,2023-11-26,2023-11-30,4,Oncology,Appendicitis,0,Daniel,Shah,1973-01-15,M,San Antonio,TX,50
20541,1678,2023-07-17,2023-07-20,3,Oncology,Chest Pain,0,Daniel,Shah,1973-01-15,M,San Antonio,TX,50
20542,1679,2023-11-09,2023-11-13,4,Pediatrics,Fracture,0,Liam,Brown,1987-02-06,F,San Diego,CA,36
20543,1680,2023-07-21,2023-07-28,7,Emergency,Fracture,0,Arjun,Shah,1989-09-25,F,Philadelphia,PA,34
20544,1681,2023-07-25,2023-07-29,4,General Medicine,Hypertension,0,Zara,Garcia,1961-05-21,F,Dallas,TX,62
20545,1681,2023-04-03,2023-04-07,4,Emergency,Pneumonia,0,Zara,Garcia,1961-05-21,F,Dallas,TX,62
20546,1682,2023-09-08,2023-09-13,5,Orthopedics,Pneumonia,0,Liam,Shah,2005-08-09,M,Dallas,TX,18
20547,1683,2023-02-08,2023-02-12,4,Pediatrics,Pneumonia,0,Maya,Nguyen,1969-01-31,M,Chicago,IL,54
20548,1683,2022-02-28,2022-03-04,4,Emergency,Hypertension,0,Maya,Nguyen,1969-01-31,M,Chicago,IL,54
20549,1684,2022-07-03,2022-07-13,10,Emergency,Hypertension,0,Emma,Brown,1968-12-30,M,Phoenix,AZ,55
20550,1684,2023-03-14,2023-03-18,4,Oncology,Hypertension,0,Emma,Brown,1968-12-30,M,Phoenix,AZ,55
20551,1690,2023-06-03,2023-06-06,3,Orthopedics,Pneumonia,1,Liam,Nguyen,1969-11-23,M,Dallas,TX,54
20552,1690,2022-06-04,2022-06-09,5,Oncology,Diabetes,0,Liam,Nguyen,1969-11-23,M,Dallas,TX,54
20553,1690,2023-05-26,2023-05-27,1,Cardiology,Fracture,0,Liam,Nguyen,1969-11-23,M,Dallas,TX,54
20554,1692,2022-09-21,2022-10-01,10,Pediatrics,COVID-19,0,Noah,Johnson,1951-01-20,F,San Diego,CA,72
20555,1697,2023-05-09,2023-05-11,2,General Medicine,Chest Pain,0,Arjun,Smith,2000-05-02,M,Phoenix,AZ,23
20556,1697,2022-12-30,2022-12-31,1,General Medicine,Hypertension,0,Arjun,Smith,2000-05-02,M,Phoenix,AZ,23
20557,1699,2023-04-30,2023-05-03,3,Emergency,Fracture,1,Maria,Nguyen,1966-05-26,M,Los Angeles,CA,57
20558,1705,2023-07-22,2023-07-23,1,Emergency,Fracture,0,Asha,Nguyen,2006-04-19,F,San Diego,CA,17
20559,1707,2022-04-11,2022-04-12,1,Pediatrics,COVID-19,0,Emma,Doe,1992-04-14,F,New York,NY,31
20560,1708,2023-01-11,2023-01-12,1,Pediatrics,Diabetes,0,Noah,Wilson,1966-06-03,M,Los Angeles,CA,57
20561,1710,2023-05-01,2023-05-06,5,Cardiology,Diabetes,0,Arjun,Khan,1983-10-13,F,Philadelphia,PA,40
20562,1710,2022-12-21,2022-12-22,1,Emergency,Chest Pain,0,Arjun,Khan,1983-10-13,F,Philadelphia,PA,40
20563,1711,2023-05-05,2023-05-12,7,Pediatrics,Hypertension,0,Zara,Doe,2007-12-12,F,Los Angeles,CA,16
20564,1713,2023-11-19,2023-11-22,3,Pediatrics,Hypertension,1,Zara,Garcia,1962-06-11,M,Chicago,IL,61
20565,1714,2023-05-18,2023-05-25,7,Orthopedics,COVID-19,1,John,Gomez,1963-08-17,M,San Diego,CA,60
20566,1715,2022-03-23,2022-03-26,3,Emergency,Diabetes,0,Ethan,Khan,1984-12-23,F,San Diego,CA,39
20567,1716,2023-03-20,2023-03-22,2,Cardiology,Diabetes,0,Arjun,Singh,1977-06-03,F,Phoenix,AZ,46
20568,1719,2023-05-03,2023-05-04,1,General Medicine,Diabetes,1,Alex,Lee,1969-10-27,M,San Antonio,TX,54
20569,1721,2022-09-27,2022-10-01,4,Emergency,Fracture,0,Emma,Khan,1995-07-17,M,Dallas,TX,28
20570,1722,2023-11-03,2023-11-05,2,Emergency,Fracture,0,Olivia,Smith,1978-05-11,M,Chicago,IL,45
20571,1723,2023-03-27,2023-03-29,2,Cardiology,Chest Pain,0,Emma,Shah,1996-12-19,F,Phoenix,AZ,27
20572,1724,2023-02-26,2023-03-12,14,Orthopedics,Appendicitis,0,Noah,Gomez,1961-12-12,M,New York,NY,62
20573,1727,2023-11-30,2023-12-02,2,Emergency,Hypertension,0,Arjun,Shah,1973-01-27,F,San Diego,CA,50
20574,1728,2022-11-04,2022-11-08,4,Oncology,COVID-19,0,Liam,Wilson,1973-06-29,M,Philadelphia,PA,50
20575,1730,2023-02-10,2023-02-15,5,Emergency,Pneumonia,0,Ethan,Garcia,1977-06-28,M,Philadelphia,PA,46
20576,1731,2023-05-15,2023-05-20,5,Emergency,Chest Pain,0,Liam,Chen,2007-10-12,F,Dallas,TX,16
20577,1732,2022-09-30,2022-10-02,2,Cardiology,Diabetes,0,Alex,Khan,2002-07-25,M,Los Angeles,CA,21
20578,1733,2022-08-17,2022-08-20,3,Emergency,Diabetes,0,Liam,Shah,2004-02-05,F,New York,NY,19
20579,1733,2022-09-29,2022-10-03,4,Pediatrics,Pneumonia,0,Liam,Shah,2004-02-05,F,New York,NY,19
20580,1733,2023-05-26,2023-05-30,4,Emergency,Hypertension,1,Liam,Shah,2004-02-05,F,New York,NY,19
20581,1733,2023-08-31,2023-09-02,2,Orthopedics,Fracture,0,Liam,Shah,2004-02-05,F,New York,NY,19
20582,1734,2023-08-29,2023-08-31,2,Emergency,COVID-19,0,Maya,Rao,1991-10-07,F,Phoenix,AZ,32
20583,1735,2022-07-20,2022-07-23,3,Cardiology,Fracture,0,Alex,Rao,1981-05-28,M,Philadelphia,PA,42
20584,1737,2022-11-04,2022-11-14,10,Pediatrics,Fracture,1,Daniel,Johnson,1969-02-26,F,San Jose,CA,54
20585,1738,2022-05-20,2022-05-25,5,General Medicine,COVID-19,0,Liam,Rao,1983-05-01,M,San Diego,CA,40
20586,1738,2022-03-13,2022-03-23,10,General Medicine,Diabetes,0,Liam,Rao,1983-05-01,M,San Diego,CA,40
20587,1739,2022-05-19,2022-05-23,4,General Medicine,Diabetes,0,Ethan,Doe,1962-10-18,M,Philadelphia,PA,61
20588,1741,2023-07-22,2023-07-24,2,Cardiology,Diabetes,0,Priya,Wilson,1993-03-17,M,Dallas,TX,30
20589,1741,2023-05-08,2023-05-15,7,Pediatrics,Pneumonia,0,Priya,Wilson,1993-03-17,M,Dallas,TX,30
20590,1742,2022-05-19,2022-05-21,2,Cardiology,Diabetes,0,Olivia,Brown,1985-09-25,F,Los Angeles,CA,38
20591,1745,2022-01-06,2022-01-10,4,Emergency,Fracture,0,Emma,Johnson,1976-01-26,F,Houston,TX,47
20592,1746,2022-10-26,2022-10-28,2,Cardiology,Fracture,0,Priya,Garcia,1971-12-14,F,Philadelphia,PA,52
20593,1746,2023-07-24,2023-07-29,5,Oncology,Diabetes,0,Priya,Garcia,1971-12-14,F,Philadelphia,PA,52
20594,1746,2022-09-04,2022-09-07,3,Cardiology,Chest Pain,0,Priya,Garcia,1971-12-14,F,Philadelphia,PA,52
20595,1746,2022-09-09,2022-09-11,2,Oncology,Hypertension,0,Priya,Garcia,1971-12-14,F,Philadelphia,PA,52
20596,1750,2023-12-21,2023-12-24,3,Pediatrics,COVID-19,0,Olivia,Smith,2006-07-11,M,Chicago,IL,17
20597,1750,2022-05-17,2022-05-19,2,Cardiology,Fracture,0,Olivia,Smith,2006-07-11,M,Chicago,IL,17
20598,1754,2023-05-25,2023-05-26,1,Cardiology,Fracture,0,Zara,Patel,1963-04-17,M,Phoenix,AZ,60
20599,1755,2022-07-30,2022-08-09,10,General Medicine,Fracture,0,Alex,Brown,2003-07-23,F,Philadelphia,PA,20
20600,1756,2022-09-28,2022-10-01,3,Pediatrics,Appendicitis,0,John,Wilson,1978-04-04,F,Los Angeles,CA,45
20601,1758,2022-05-20,2022-05-30,10,Pediatrics,Pneumonia,0,Liam,Brown,1963-05-25,M,Houston,TX,60
20602,1758,2022-07-02,2022-07-03,1,Pediatrics,Chest Pain,0,Liam,Brown,1963-05-25,M,Houston,TX,60
20603,1759,2023-03-09,2023-03-16,7,Cardiology,COVID-19,0,Daniel,Singh,1969-04-14,M,Houston,TX,54
20604,1759,2023-04-26,2023-04-27,1,Oncology,Appendicitis,0,Daniel,Singh,1969-04-14,M,Houston,TX,54
20605,1760,2022-10-29,2022-11-02,4,Emergency,Diabetes,0,Asha,Johnson,1995-03-27,M,Dallas,TX,28
20606,1766,2023-12-27,2023-12-30,3,General Medicine,Chest Pain,0,Alex,Chen,1971-09-29,M,Phoenix,AZ,52
20607,1768,2022-07-22,2022-07-29,7,General Medicine,COVID-19,0,Liam,Wilson,1965-04-01,F,San Antonio,TX,58
20608,1768,2022-08-25,2022-08-26,1,Orthopedics,COVID-19,0,Liam,Wilson,1965-04-01,F,San Antonio,TX,58
20609,1770,2023-07-25,2023-07-29,4,Emergency,Pneumonia,0,Daniel,Doe,1967-03-02,F,Los Angeles,CA,56
20610,1772,2023-08-25,2023-08-30,5,Cardiology,Diabetes,0,Sophia,Garcia,1982-11-24,M,San Antonio,TX,41
20611,1773,2023-08-29,2023-08-31,2,Orthopedics,Chest Pain,1,Alex,Khan,1983-07-01,F,Chicago,IL,40
20612,1778,2023-07-06,2023-07-20,14,Pediatrics,Pneumonia,0,John,Gomez,1991-07-28,F,Los Angeles,CA,32
20613,1780,2023-09-03,2023-09-05,2,Emergency,COVID-19,0,Olivia,Singh,1966-09-04,F,Philadelphia,PA,57
20614,1780,2023-11-18,2023-11-19,1,General Medicine,Pneumonia,0,Olivia,Singh,1966-09-04,F,Philadelphia,PA,57
20615,1780,2023-10-15,2023-10-16,1,Orthopedics,Hypertension,0,Olivia,Singh,1966-09-04,F,Philadelphia,PA,57
20616,1781,2023-01-01,2023-01-02,1,Orthopedics,Pneumonia,0,Noah,Nguyen,1981-11-11,M,New York,NY,42
20617,1782,2022-09-26,2022-09-29,3,Cardiology,COVID-19,0,Asha,Wilson,1984-08-17,M,Los Angeles,CA,39
20618,1783,2023-07-24,2023-07-28,4,Pediatrics,Pneumonia,0,Olivia,Lee,1977-02-19,M,San Diego,CA,46
20619,1785,2023-12-11,2023-12-15,4,Oncology,COVID-19,0,Zara,Lee,2000-01-10,F,New York,NY,23
20620,1787,2023-07-10,2023-07-11,1,Pediatrics,Fracture,0,John,Khan,1951-10-29,F,Dallas,TX,72
20621,1787,2023-05-06,2023-05-07,1,Pediatrics,Chest Pain,0,John,Khan,1951-10-29,F,Dallas,TX,72
20622,1788,2023-11-06,2023-11-09,3,Cardiology,Diabetes,0,Zara,Gomez,1961-06-20,F,Phoenix,AZ,62
20623,1789,2022-12-29,2023-01-12,14,General Medicine,Fracture,0,John,Singh,1996-09-11,F,Chicago,IL,27
20624,1789,2022-06-13,2022-06-16,3,Emergency,COVID-19,0,John,Singh,1996-09-11,F,Chicago,IL,27
20625,1790,2022-07-06,2022-07-07,1,Emergency,Pneumonia,0,Olivia,Wilson,1977-10-27,M,Houston,TX,46
20626,1793,2022-05-16,2022-05-19,3,General Medicine,Hypertension,0,Emma,Garcia,1985-04-18,F,Phoenix,AZ,38
20627,1794,2023-08-06,2023-08-16,10,General Medicine,Pneumonia,0,Asha,Johnson,1963-01-30,M,Phoenix,AZ,60
20628,1795,2023-04-03,2023-04-05,2,Oncology,Pneumonia,0,Zara,Doe,1960-09-05,M,Los Angeles,CA,63
20629,1796,2023-09-02,2023-09-09,7,Orthopedics,Chest Pain,0,Alex,Shah,1987-07-22,M,San Antonio,TX,36
20630,1797,2023-05-09,2023-05-10,1,Cardiology,Pneumonia,0,Emma,Brown,1969-02-11,F,San Jose,CA,54
20631,1797,2022-01-06,2022-01-08,2,Emergency,Hypertension,0,Emma,Brown,1969-02-11,F,San Jose,CA,54
20632,1798,2022-07-21,2022-07-25,4,Orthopedics,Pneumonia,0,Alex,Patel,1967-06-17,F,Dallas,TX,56
20633,1802,2023-02-20,2023-02-24,4,Orthopedics,Diabetes,0,Maria,Wilson,1977-10-26,F,Dallas,TX,46
20634,1802,2023-06-18,2023-06-19,1,Emergency,COVID-19,0,Maria,Wilson,1977-10-26,F,Dallas,TX,46
20635,1803,2023-05-30,2023-06-13,14,Emergency,Pneumonia,0,Daniel,Smith,1988-09-02,M,Philadelphia,PA,35
20636,1804,2022-09-08,2022-09-18,10,Oncology,Pneumonia,0,Liam,Wilson,1994-07-31,M,Phoenix,AZ,29
20637,1805,2022-02-16,2022-02-19,3,Pediatrics,Chest Pain,0,Priya,Gomez,1978-09-19,M,San Jose,CA,45
20638,1806,2022-09-05,2022-09-08,3,Cardiology,Pneumonia,0,Maya,Wilson,1964-05-07,F,New York,NY,59
20639,1807,2022-11-10,2022-11-12,2,Oncology,COVID-19,0,Olivia,Rao,1978-08-15,F,Philadelphia,PA,45
20640,1813,2023-12-22,2023-12-24,2,Emergency,Hypertension,0,Priya,Rao,1962-02-19,M,Houston,TX,61
20641,1813,2022-05-01,2022-05-04,3,Oncology,Appendicitis,0,Priya,Rao,1962-02-19,M,Houston,TX,61
20642,1815,2022-07-06,2022-07-10,4,Oncology,Pneumonia,0,Ethan,Rao,1988-10-26,F,Chicago,IL,35
20643,1816,2022-10-31,2022-11-04,4,Pediatrics,Appendicitis,0,Ethan,Doe,1998-05-09,F,San Antonio,TX,25
20644,1817,2023-04-19,2023-04-21,2,Cardiology,Appendicitis,0,Priya,Lee,1950-10-30,M,San Jose,CA,73
20645,1819,2023-07-29,2023-07-30,1,Pediatrics,Diabetes,0,Olivia,Patel,1950-02-25,M,Dallas,TX,73
20646,1820,2023-01-11,2023-01-13,2,Oncology,Pneumonia,0,Alex,Lee,1985-08-18,M,Los Angeles,CA,38
20647,1820,2022-03-31,2022-04-01,1,Pediatrics,Fracture,0,Alex,Lee,1985-08-18,M,Los Angeles,CA,38
20648,1822,2023-02-04,2023-02-06,2,Orthopedics,Pneumonia,0,Ethan,Lee,1972-04-25,M,Los Angeles,CA,51
20649,1823,2023-03-07,2023-03-10,3,Oncology,COVID-19,0,Liam,Wilson,1955-10-27,F,Chicago,IL,68
20650,1823,2023-09-10,2023-09-12,2,Oncology,Diabetes,0,Liam,Wilson,1955-10-27,F,Chicago,IL,68
20651,1823,2022-11-07,2022-11-08,1,Pediatrics,Fracture,0,Liam,Wilson,1955-10-27,F,Chicago,IL,68
20652,1827,2022-01-30,2022-02-01,2,Orthopedics,Diabetes,0,Daniel,Patel,1968-08-23,F,Phoenix,AZ,55
20653,1829,2023-06-18,2023-06-20,2,General Medicine,COVID-19,0,Maria,Patel,1991-03-01,F,Philadelphia,PA,32
20654,1832,2022-05-28,2022-06-01,4,Emergency,Hypertension,0,John,Shah,1964-01-10,M,Los Angeles,CA,60
20655,1832,2023-06-01,2023-06-02,1,Emergency,Pneumonia,0,John,Shah,1964-01-10,M,Los Angeles,CA,60
20656,1834,2023-08-12,2023-08-26,14,Cardiology,COVID-19,0,Olivia,Gomez,1997-05-16,M,New York,NY,26
20657,1835,2022-07-08,2022-07-12,4,Pediatrics,Hypertension,1,Zara,Gomez,2002-07-08,M,Chicago,IL,21
20658,1835,2022-10-15,2022-10-19,4,Oncology,Hypertension,0,Zara,Gomez,2002-07-08,M,Chicago,IL,21
20659,1835,2022-05-10,2022-05-14,4,Oncology,Fracture,0,Zara,Gomez,2002-07-08,M,Chicago,IL,21
20660,1835,2022-05-24,2022-05-28,4,Cardiology,Appendicitis,0,Zara,Gomez,2002-07-08,M,Chicago,IL,21
20661,1840,2023-08-30,2023-09-02,3,Cardiology,Chest Pain,0,Arjun,Khan,1971-01-04,M,San Diego,CA,53
20662,1842,2023-09-10,2023-09-17,7,Orthopedics,Chest Pain,0,Asha,Khan,1955-03-22,F,San Antonio,TX,68
20663,1842,2023-02-14,2023-02-16,2,Pediatrics,Appendicitis,0,Asha,Khan,1955-03-22,F,San Antonio,TX,68
20664,1843,2022-07-14,2022-07-18,4,Orthopedics,Hypertension,0,Emma,Wilson,1958-06-14,F,San Antonio,TX,65
20665,1844,2022-11-12,2022-11-13,1,Cardiology,Appendicitis,0,Sophia,Lee,1986-12-21,F,Phoenix,AZ,37
20666,1847,2022-12-27,2022-12-31,4,Oncology,Diabetes,0,Alex,Doe,1984-12-20,M,Dallas,TX,39
20667,1848,2022-07-04,2022-07-11,7,General Medicine,Hypertension,0,Olivia,Rao,1978-02-10,F,Phoenix,AZ,45
20668,1849,2023-04-19,2023-04-23,4,General Medicine,COVID-19,0,Emma,Doe,1952-11-28,M,San Diego,CA,71
20669,1852,2022-02-08,2022-02-12,4,Pediatrics,COVID-19,0,Priya,Lee,1967-01-21,F,San Jose,CA,56
20670,1852,2023-09-28,2023-10-03,5,Oncology,Pneumonia,0,Priya,Lee,1967-01-21,F,San Jose,CA,56
20671,1853,2023-06-11,2023-06-18,7,Pediatrics,Appendicitis,0,Olivia,Johnson,1995-03-15,M,San Antonio,TX,28
20672,1853,2022-05-05,2022-05-06,1,Pediatrics,Fracture,0,Olivia,Johnson,1995-03-15,M,San Antonio,TX,28
20673,1854,2023-11-05,2023-11-15,10,Cardiology,COVID-19,0,Sophia,Nguyen,1991-06-22,F,Houston,TX,32
20674,1854,2023-03-30,2023-04-04,5,Emergency,Appendicitis,0,Sophia,Nguyen,1991-06-22,F,Houston,TX,32
20675,1855,2022-12-22,2022-12-26,4,General Medicine,Appendicitis,0,Liam,Brown,1962-09-07,M,Los Angeles,CA,61
20676,1856,2023-10-25,2023-10-26,1,Emergency,Diabetes,0,Alex,Rao,1967-03-21,F,Los Angeles,CA,56
20677,1856,2023-11-30,2023-12-10,10,Orthopedics,Diabetes,0,Alex,Rao,1967-03-21,F,Los Angeles,CA,56
20678,1860,2023-07-12,2023-07-13,1,General Medicine,Pneumonia,0,John,Doe,1976-10-26,F,San Antonio,TX,47
20679,1860,2023-11-12,2023-11-15,3,Oncology,Hypertension,0,John,Doe,1976-10-26,F,San Antonio,TX,47
20680,1860,2022-04-19,2022-04-26,7,Pediatrics,Fracture,0,John,Doe,1976-10-26,F,San Antonio,TX,47
20681,1863,2022-12-21,2022-12-23,2,Pediatrics,COVID-19,0,Arjun,Lee,1995-06-30,M,San Antonio,TX,28
20682,1865,2022-10-18,2022-10-25,7,General Medicine,Fracture,0,Alex,Singh,2006-05-17,M,San Antonio,TX,17
20683,1865,2023-05-26,2023-05-29,3,Orthopedics,Fracture,0,Alex,Singh,2006-05-17,M,San Antonio,TX,17
20684,1866,2023-08-24,2023-08-26,2,Emergency,Appendicitis,0,John,Rao,1989-05-05,M,Dallas,TX,34
20685,1869,2022-02-23,2022-03-02,7,Oncology,Pneumonia,1,Alex,Lee,1983-05-27,F,Houston,TX,40
20686,1869,2023-07-12,2023-07-15,3,Pediatrics,Fracture,0,Alex,Lee,1983-05-27,F,Houston,TX,40
20687,1870,2023-12-07,2023-12-11,4,Orthopedics,Pneumonia,0,John,Lee,1993-01-23,M,Houston,TX,30
20688,1873,2023-04-20,2023-04-21,1,Orthopedics,COVID-19,0,Sophia,Garcia,1956-10-08,F,Houston,TX,67
20689,1875,2022-04-12,2022-04-13,1,Orthopedics,Diabetes,0,Sophia,Singh,2009-08-24,F,Los Angeles,CA,14
20690,1876,2022-04-21,2022-04-25,4,General Medicine,Appendicitis,0,Ethan,Singh,1992-12-05,M,New York,NY,31
20691,1876,2022-07-30,2022-08-01,2,Cardiology,Fracture,0,Ethan,Singh,1992-12-05,M,New York,NY,31
20692,1877,2022-10-26,2022-10-28,2,Oncology,Chest Pain,0,Noah,Doe,1954-10-28,F,San Jose,CA,69
20693,1878,2023-03-15,2023-03-17,2,Cardiology,COVID-19,0,Sophia,Nguyen,1977-11-02,M,Los Angeles,CA,46
20694,1878,2023-02-15,2023-02-25,10,Pediatrics,COVID-19,0,Sophia,Nguyen,1977-11-02,M,Los Angeles,CA,46
20695,1878,2022-10-02,2022-10-06,4,Cardiology,Pneumonia,0,Sophia,Nguyen,1977-11-02,M,Los Angeles,CA,46
20696,1880,2023-03-19,2023-03-20,1,Oncology,Chest Pain,0,Maya,Nguyen,1997-04-04,F,Los Angeles,CA,26
20697,1880,2022-09-20,2022-09-24,4,Cardiology,COVID-19,0,Maya,Nguyen,1997-04-04,F,Los Angeles,CA,26
20698,1882,2023-07-17,2023-07-27,10,Cardiology,Appendicitis,0,Sophia,Brown,1960-06-09,F,Phoenix,AZ,63
20699,1885,2023-09-22,2023-09-26,4,Oncology,COVID-19,0,Ethan,Garcia,1954-05-25,M,San Diego,CA,69
20700,1885,2022-01-07,2022-01-10,3,Oncology,Pneumonia,0,Ethan,Garcia,1954-05-25,M,San Diego,CA,69
20701,1886,2023-05-13,2023-05-17,4,Pediatrics,Diabetes,1,Sophia,Lee,1965-05-24,M,Houston,TX,58
20702,1890,2022-12-14,2022-12-28,14,Emergency,Diabetes,0,Ethan,Brown,1978-12-29,F,Chicago,IL,45
20703,1894,2023-09-10,2023-09-14,4,Oncology,Hypertension,0,Zara,Khan,1957-02-03,F,San Diego,CA,66
20704,1895,2022-11-16,2022-11-23,7,Oncology,Appendicitis,0,John,Rao,1997-10-08,M,Dallas,TX,26
20705,1896,2023-10-12,2023-10-14,2,Pediatrics,Pneumonia,0,Zara,Chen,1961-11-03,F,Los Angeles,CA,62
20706,1896,2022-11-02,2022-11-05,3,Cardiology,Diabetes,0,Zara,Chen,1961-11-03,F,Los Angeles,CA,62
20707,1900,2023-12-31,2024-01-02,2,General Medicine,COVID-19,0,Arjun,Khan,1994-11-15,M,Chicago,IL,29
20708,1906,2023-06-28,2023-07-08,10,Emergency,Appendicitis,0,Noah,Nguyen,2001-11-04,F,Houston,TX,22
20709,1911,2022-10-31,2022-11-02,2,Cardiology,Hypertension,0,Maria,Johnson,1952-04-26,F,San Antonio,TX,71
20710,1912,2022-10-05,2022-10-08,3,Cardiology,Fracture,0,Ethan,Wilson,1979-12-29,M,San Antonio,TX,44
20711,1913,2023-03-31,2023-04-04,4,Cardiology,Appendicitis,0,Liam,Brown,1987-07-09,M,Houston,TX,36
20712,1913,2023-08-22,2023-08-24,2,Orthopedics,COVID-19,0,Liam,Brown,1987-07-09,M,Houston,TX,36
20713,1914,2023-08-30,2023-09-13,14,General Medicine,Diabetes,0,Maria,Patel,1992-02-15,F,San Diego,CA,31
20714,1914,2022-02-02,2022-02-03,1,Oncology,Fracture,0,Maria,Patel,1992-02-15,F,San Diego,CA,31
20715,1915,2022-09-03,2022-09-04,1,Emergency,Pneumonia,0,Olivia,Rao,1987-08-21,F,San Diego,CA,36
20716,1919,2022-10-01,2022-10-05,4,General Medicine,Hypertension,0,John,Brown,1985-02-05,F,Chicago,IL,38
20717,1924,2022-04-08,2022-04-13,5,Orthopedics,Hypertension,0,Ethan,Patel,1985-06-07,F,New York,NY,38
20718,1924,2022-06-21,2022-07-01,10,Orthopedics,Diabetes,0,Ethan,Patel,1985-06-07,F,New York,NY,38
20719,1928,2022-08-12,2022-08-14,2,Orthopedics,COVID-19,0,Noah,Singh,1955-04-02,M,Houston,TX,68
20720,1929,2023-02-20,2023-02-27,7,Oncology,Chest Pain,0,Asha,Johnson,2006-06-14,F,Houston,TX,17
20721,1931,2022-05-03,2022-05-04,1,General Medicine,Chest Pain,0,Maya,Khan,2000-05-28,M,New York,NY,23
20722,1931,2022-12-14,2022-12-16,2,Pediatrics,Appendicitis,0,Maya,Khan,2000-05-28,M,New York,NY,23
20723,1933,2022-05-02,2022-05-03,1,General Medicine,Appendicitis,0,Arjun,Lee,2005-02-09,M,Chicago,IL,18
20724,1933,2023-08-20,2023-08-21,1,Oncology,Pneumonia,0,Arjun,Lee,2005-02-09,M,Chicago,IL,18
20725,1933,2022-01-16,2022-01-20,4,Pediatrics,Appendicitis,0,Arjun,Lee,2005-02-09,M,Chicago,IL,18
20726,1934,2022-01-15,2022-01-20,5,Orthopedics,Diabetes,0,Alex,Chen,1985-07-13,F,San Antonio,TX,38
20727,1934,2023-02-12,2023-02-15,3,General Medicine,COVID-19,0,Alex,Chen,1985-07-13,F,San Antonio,TX,38
20728,1936,2023-01-04,2023-01-05,1,Oncology,Appendicitis,0,Olivia,Chen,1995-07-28,M,Phoenix,AZ,28
20729,1939,2022-06-20,2022-06-24,4,General Medicine,Fracture,0,Emma,Chen,1969-04-12,M,Los Angeles,CA,54
20730,1941,2023-10-20,2023-10-24,4,Orthopedics,Hypertension,0,Daniel,Johnson,1964-06-23,M,Philadelphia,PA,59
20731,1944,2023-04-13,2023-04-17,4,Emergency,Appendicitis,0,Alex,Rao,1953-09-04,F,New York,NY,70
20732,1945,2023-06-02,2023-06-07,5,Pediatrics,Pneumonia,0,Ethan,Rao,1978-12-08,M,San Diego,CA,45
20733,1950,2023-01-05,2023-01-07,2,Orthopedics,COVID-19,0,Ethan,Brown,1959-07-23,M,San Diego,CA,64
20734,1950,2022-04-24,2022-04-28,4,Pediatrics,Fracture,0,Ethan,Brown,1959-07-23,M,San Diego,CA,64
20735,1951,2023-06-22,2023-06-29,7,Pediatrics,COVID-19,0,Alex,Garcia,1975-06-29,F,Los Angeles,CA,48
20736,1955,2023-05-17,2023-05-18,1,Orthopedics,Pneumonia,0,Asha,Doe,1950-08-24,F,Dallas,TX,73
20737,1957,2023-06-24,2023-07-01,7,Oncology,Fracture,0,Maria,Shah,1955-03-24,F,Los Angeles,CA,68
20738,1959,2023-04-28,2023-05-01,3,Emergency,Hypertension,0,Priya,Chen,1959-09-01,F,Philadelphia,PA,64
20739,1960,2023-10-24,2023-10-25,1,Oncology,Diabetes,0,Arjun,Patel,1964-05-23,M,Chicago,IL,59
20740,1964,2023-10-25,2023-10-27,2,Pediatrics,Chest Pain,0,Noah,Johnson,1964-10-29,M,New York,NY,59
20741,1964,2022-12-18,2022-12-20,2,Pediatrics,Appendicitis,0,Noah,Johnson,1964-10-29,M,New York,NY,59
20742,1964,2023-04-08,2023-04-09,1,Orthopedics,Diabetes,0,Noah,Johnson,1964-10-29,M,New York,NY,59
20743,1964,2023-04-11,2023-04-12,1,Emergency,Appendicitis,0,Noah,Johnson,1964-10-29,M,New York,NY,59
20744,1966,2022-12-13,2022-12-15,2,Pediatrics,Appendicitis,0,Arjun,Wilson,1980-07-19,F,San Diego,CA,43
20745,1967,2022-04-22,2022-04-23,1,Cardiology,Diabetes,0,Maya,Shah,1966-04-18,F,New York,NY,57
20746,1967,2023-10-22,2023-10-24,2,Orthopedics,Fracture,0,Maya,Shah,1966-04-18,F,New York,NY,57
20747,1968,2023-06-21,2023-06-23,2,Cardiology,Appendicitis,0,Ethan,Singh,2009-10-30,F,New York,NY,14
20748,1969,2022-03-16,2022-03-20,4,Cardiology,Pneumonia,0,Liam,Doe,1971-12-04,F,Houston,TX,52
20749,1971,2022-05-26,2022-05-31,5,Pediatrics,Diabetes,0,Maria,Chen,2008-01-21,M,Los Angeles,CA,15
20750,1974,2023-05-23,2023-05-24,1,Pediatrics,COVID-19,0,Maya,Garcia,1950-03-19,F,San Antonio,TX,73
20751,1976,2022-07-01,2022-07-11,10,General Medicine,Appendicitis,0,Priya,Brown,2006-06-07,M,Houston,TX,17
20752,1976,2023-04-26,2023-04-28,2,Oncology,Diabetes,0,Priya,Brown,2006-06-07,M,Houston,TX,17
20753,1979,2023-09-26,2023-09-27,1,Cardiology,Diabetes,0,Liam,Singh,1997-10-10,M,Houston,TX,26
20754,1981,2022-10-01,2022-10-03,2,Emergency,Diabetes,0,Zara,Lee,1978-11-05,M,Chicago,IL,45
20755,1981,2022-11-25,2022-11-29,4,Oncology,Fracture,0,Zara,Lee,1978-11-05,M,Chicago,IL,45
20756,1982,2022-06-03,2022-06-13,10,Oncology,Pneumonia,0,Priya,Nguyen,1976-01-15,M,San Jose,CA,47
20757,1984,2022-03-20,2022-03-24,4,Emergency,Appendicitis,0,Ethan,Wilson,1982-09-24,F,Chicago,IL,41
20758,1985,2022-01-08,2022-01-12,4,Orthopedics,Diabetes,0,Emma,Johnson,1971-05-15,F,Phoenix,AZ,52
20759,1985,2023-06-05,2023-06-06,1,Orthopedics,Diabetes,0,Emma,Johnson,1971-05-15,F,Phoenix,AZ,52
20760,1985,2023-04-30,2023-05-01,1,Oncology,Chest Pain,0,Emma,Johnson,1971-05-15,F,Phoenix,AZ,52
20761,1986,2022-03-15,2022-03-25,10,Orthopedics,Appendicitis,0,Liam,Singh,1967-12-23,F,Dallas,TX,56
20762,1987,2023-07-26,2023-07-28,2,General Medicine,Appendicitis,1,Ethan,Chen,1966-05-21,F,New York,NY,57
20763,1988,2022-06-28,2022-07-05,7,Cardiology,Hypertension,0,Ethan,Wilson,2008-12-08,M,Los Angeles,CA,15
20764,1988,2023-03-10,2023-03-12,2,Orthopedics,Chest Pain,0,Ethan,Wilson,2008-12-08,M,Los Angeles,CA,15
20765,1990,2022-04-16,2022-04-21,5,Pediatrics,Chest Pain,0,Daniel,Shah,2000-11-08,M,New York,NY,23
20766,1994,2023-04-12,2023-04-15,3,Pediatrics,Hypertension,0,Liam,Lee,1953-06-02,F,Chicago,IL,70
20767,1995,2023-07-01,2023-07-08,7,Orthopedics,Fracture,0,Maya,Smith,1980-10-16,F,Houston,TX,43
20768,1995,2023-09-04,2023-09-06,2,General Medicine,Diabetes,0,Maya,Smith,1980-10-16,F,Houston,TX,43
20769,1995,2022-05-24,2022-05-27,3,Pediatrics,Fracture,0,Maya,Smith,1980-10-16,F,Houston,TX,43
20770,1998,2022-01-07,2022-01-14,7,Oncology,Chest Pain,0,Daniel,Gomez,2000-04-29,M,Phoenix,AZ,23
20771,1998,2023-06-02,2023-06-06,4,Oncology,Fracture,0,Daniel,Gomez,2000-04-29,M,Phoenix,AZ,23
20772,1999,2023-11-17,2023-11-21,4,General Medicine,Chest Pain,0,Arjun,Smith,1960-02-05,M,San Diego,CA,63
